UID	CMPD_ID	ISOMER_ID	CLUSTER_ID	ENERGY	INCHI_KEY	CANON_SMILES	ISO_SMILES
AD3CC00000505-I00-C00	AD3CC00000505	0	0	112.17138594106846	MNJVRJDLRVPLFE-UHFFFAOYSA-N	Cc1ccc(-c2ncc(Cl)cc2-c2ccc(S(C)(=O)=O)cc2)cn1	Cc1ccc(-c2ncc(Cl)cc2-c2ccc(S(C)(=O)=O)cc2)cn1
AD3CC00001237-I00-C00	AD3CC00001237	0	0	-3.2473446991957173	MLDQJTXFUGDVEO-UHFFFAOYSA-N	CNC(=O)c1cc(Oc2ccc(NC(=O)Nc3ccc(Cl)c(C(F)(F)F)c3)cc2)ccn1	CNC(=O)c1cc(Oc2ccc(NC(=O)Nc3ccc(Cl)c(C(F)(F)F)c3)cc2)ccn1
AD3CC00008125-I00-C00	AD3CC00008125	0	0	-28.954052445312605	JSDUDTFXRSCOHV-HDJSIYSDSA-N	N[C@H]1CC[C@H](Nc2ncc3nc(Nc4c(F)cccc4F)n(C4CCCC4)c3n2)CC1	N[C@H]1CC[C@H](Nc2ncc3nc(Nc4c(F)cccc4F)n(C4CCCC4)c3n2)CC1
AD3CC00008128-I00-C00	AD3CC00008128	0	0	-19.00826164753872	ZQUSFAUAYSEREK-WKILWMFISA-N	COc1nccc(-c2c(-c3ccc(F)cc3)ncn2[C@H]2CC[C@H](O)CC2)n1	COc1nccc(-c2c(-c3ccc(F)cc3)ncn2[C@H]2CC[C@H](O)CC2)n1
AD3CC00013892-I00-C00	AD3CC00013892	0	0	95.60490834740004	KJDKBIYPTUYYHT-ZCNNSNEGSA-N	CC(=O)N1CCN([C@H]2C[C@@H](n3cc(-c4cccc(OC[C@@H]5CCCO5)c4F)c4c(N)ncnc43)C2)CC1	CC(=O)N1CCN([C@H]2C[C@@H](n3cc(-c4cccc(OC[C@@H]5CCCO5)c4F)c4c(N)ncnc43)C2)CC1
AD3CC00013896-I00-C00	AD3CC00013896	0	0	70.6971149729965	LYOCYPVMXHFJAK-YFHMBBFDSA-N	Nc1ncnc2c1c(-c1cccc(OCC34CCC(CC3)O4)c1)cn2[C@H]1C[C@@H](CN2CCC2)C1	Nc1ncnc2c1c(-c1cccc(OCC34CCC(CC3)O4)c1)cn2[C@H]1C[C@@H](CN2CCC2)C1
AD3CC00013899-I00-C00	AD3CC00013899	0	0	51.33866936538488	UYHKCQAFCWYUAF-DSKINZAPSA-N	Nc1ncnc2c1c(-c1cccc(OC[C@@H]3CCCO3)c1)cn2[C@H]1C[C@@H](CN2CCC2)C1	Nc1ncnc2c1c(-c1cccc(OC[C@@H]3CCCO3)c1)cn2[C@H]1C[C@@H](CN2CCC2)C1
AD3CC00020395-I00-C01	AD3CC00020395	0	1	-41.80175054499604	KXTYCYFHUXYZOR-WKILWMFISA-N	O=c1[nH]c(-c2ccc(F)cc2)c(-c2ccnc(N[C@H]3CC[C@H](O)CC3)c2)[nH]1	O=c1[nH]c(-c2ccc(F)cc2)c(-c2ccnc(N[C@H]3CC[C@H](O)CC3)c2)[nH]1
AD3CC00020404-I00-C00	AD3CC00020404	0	0	103.74154237122792	BGONVLBSQAQMAS-UHFFFAOYSA-N	Cc1cc(O)ccc1-c1c(N)c(C(=O)c2ccc(F)cc2F)cc[n+]1[O-]	Cc1cc(O)ccc1-c1c(N)c(C(=O)c2ccc(F)cc2F)cc[n+]1[O-]
AD3CC00020406-I00-C00	AD3CC00020406	0	0	-62.92683547905379	QXBFECQVSFWIBC-HDJSIYSDSA-N	Cn1c(=O)c(Oc2ccc(F)cc2F)cc2cnc(N[C@H]3CC[C@H](O)CC3)nc21	Cn1c(=O)c(Oc2ccc(F)cc2F)cc2cnc(N[C@H]3CC[C@H](O)CC3)nc21
AD3CC00021074-I00-C01	AD3CC00021074	0	1	-59.74513141880294	DFEYXQGDDCDXJK-UHFFFAOYSA-N	Nc1nccc(-c2c(-c3ccc(F)cc3)ncn2CC2CC2)n1	Nc1nccc(-c2c(-c3ccc(F)cc3)ncn2CC2CC2)n1
AD3CC00021690-I00-C00	AD3CC00021690	0	0	29.455738994548607	WMBWREPUVVBILR-WIYYLYMNSA-N	O=C(O[C@@H]1Cc2c(O)cc(O)cc2O[C@@H]1c1cc(O)c(O)c(O)c1)c1cc(O)c(O)c(O)c1	O=C(O[C@@H]1Cc2c(O)cc(O)cc2O[C@@H]1c1cc(O)c(O)c(O)c1)c1cc(O)c(O)c(O)c1
AD3CC00023467-I00-C01	AD3CC00023467	0	1	-54.649238200650615	KLVYMYQTRZCMLE-CYBMUJFWSA-N	O=C(Nc1ccccn1)Nc1cccc2c1[C@H]1CCCN1C2=O	O=C(Nc1ccccn1)Nc1cccc2c1[C@H]1CCCN1C2=O
AD3CC00027630-I00-C01	AD3CC00027630	0	1	68.45681956212985	ZNEAEMOGRAJFJZ-UHFFFAOYSA-N	c1ccc(-c2n[nH]cc2-c2ccnc3ccccc23)cc1	c1ccc(-c2n[nH]cc2-c2ccnc3ccccc23)cc1
AD3CC00029538-I00-C00	AD3CC00029538	0	0	31.902382900904875	QJWIKMKAGFNAJH-UHFFFAOYSA-N	CC(=O)c1c(C)c2cnc(Nc3ccc(N4CCNCC4)cc3)nc2n(C2CCCC2)c1=O	CC(=O)c1c(C)c2cnc(Nc3ccc(N4CCNCC4)cc3)nc2n(C2CCCC2)c1=O
AD3CC00031082-I00-C00	AD3CC00031082	0	0	30.182398080957626	ABZSPJVXTTUFAA-UHFFFAOYSA-N	CC(=O)Nc1ccc(C(=O)Nc2cc(-c3cccs3)ccc2N)cc1	CC(=O)Nc1ccc(C(=O)Nc2cc(-c3cccs3)ccc2N)cc1
AD3CC00033491-I00-C00	AD3CC00033491	0	0	-14.708524789874604	SYPDTJJRLTXCOA-UHFFFAOYSA-N	COC(=O)c1[nH]c(C(C)(C)C)cc1NC(=O)Nc1cccc2ccccc12	COC(=O)c1[nH]c(C(C)(C)C)cc1NC(=O)Nc1cccc2ccccc12
AD3CC00034216-I00-C00	AD3CC00034216	0	0	-48.42054946638186	GJYVFTWYPMHXKV-UHFFFAOYSA-N	Fc1ccc(-c2ncn(C3CCNCC3)c2-c2ccnc(Nc3ccccc3)n2)cc1	Fc1ccc(-c2ncn(C3CCNCC3)c2-c2ccnc(Nc3ccccc3)n2)cc1
AD3CC00035026-I00-C00	AD3CC00035026	0	0	-4.112233786930027	QNJAKUMXJFWQOG-UHFFFAOYSA-N	COc1cc2c(Nc3ncc(CC(=O)Nc4cccc(F)c4)s3)ncnc2cc1OCCCN1CCC(CO)CC1	COc1cc2c(Nc3ncc(CC(=O)Nc4cccc(F)c4)s3)ncnc2cc1OCCCN1CCC(CO)CC1
AD3CC00035689-I00-C00	AD3CC00035689	0	0	50.99371425639277	HVGGHEUBVDQWKM-UHFFFAOYSA-N	CCc1nnc2ccc(-c3ocnc3-c3ccc(F)cc3)cn12	CCc1nnc2ccc(-c3ocnc3-c3ccc(F)cc3)cn12
AD3CC00035723-I00-C00	AD3CC00035723	0	0	-7.728240769498454	IZNYNBDTJRTLTA-UHFFFAOYSA-N	CCc1nc(-c2cccc(C)c2)c(-c2ccnc(NC(C)=O)c2)s1	CCc1nc(-c2cccc(C)c2)c(-c2ccnc(NC(C)=O)c2)s1
AD3CC00035723-I00-C00	AD3CC00035723	0	0	-7.728240769498454	IZNYNBDTJRTLTA-UHFFFAOYSA-N	CCc1nc(-c2cccc(C)c2)c(-c2ccnc(NC(C)=O)c2)s1	CCc1nc(-c2cccc(C)c2)c(-c2ccnc(NC(C)=O)c2)s1
AD3CC00037006-I00-C00	AD3CC00037006	0	0	-12.975203412892016	LPKOEWTZGVUEJF-BQYQJAHWSA-N	COc1cc(Nc2nc(NCc3ccc(/C=C/C(=O)O)cc3)n3ccnc3c2C(N)=O)cc(OC)c1	COc1cc(Nc2nc(NCc3ccc(/C=C/C(=O)O)cc3)n3ccnc3c2C(N)=O)cc(OC)c1
AD3CC00037602-I00-C01	AD3CC00037602	0	1	52.06320633659548	LSVSRXQCNHLTNR-UHFFFAOYSA-N	CC(C)c1nnc2ccc(-c3ocnc3-c3cc(F)c(F)c(F)c3)cn12	CC(C)c1nnc2ccc(-c3ocnc3-c3cc(F)c(F)c(F)c3)cn12
AD3CC00039385-I00-C00	AD3CC00039385	0	0	-38.65496676554992	LOVKXHMIRFCDPP-UHFFFAOYSA-N	CONC(=O)c1ccc(C)c(Nc2ncnn3cc(C(=O)NCc4ccccc4)c(C)c23)c1	CONC(=O)c1ccc(C)c(Nc2ncnn3cc(C(=O)NCc4ccccc4)c(C)c23)c1
AD3CC00039465-I00-C00	AD3CC00039465	0	0	71.67527285578865	VTJQDHUUFIHILV-UHFFFAOYSA-N	Cc1cccc(-c2nc(-c3ccc(S(C)(=O)=O)cc3)sc2-c2ccnc(NCc3ccccc3)c2)c1	Cc1cccc(-c2nc(-c3ccc(S(C)(=O)=O)cc3)sc2-c2ccnc(NCc3ccccc3)c2)c1
AD3CC00039910-I00-C00	AD3CC00039910	0	0	116.45110665677689	GIMALXBZPHYBGR-UHFFFAOYSA-N	CC(C)(C)N1CC=C(c2cc(-c3ccc(F)cc3Cl)c3ccc(=O)n(-c4c(Cl)cccc4Cl)c3c2)CC1	CC(C)(C)N1CC=C(c2cc(-c3ccc(F)cc3Cl)c3ccc(=O)n(-c4c(Cl)cccc4Cl)c3c2)CC1
AD3CC00040574-I00-C00	AD3CC00040574	0	0	78.86322161152482	SAGZIBJAQGBRQA-UHFFFAOYSA-N	O=C(NC1CCOCC1)c1ccc(-c2cc(-c3c[nH]nc3-c3ccccn3)ccn2)cc1	O=C(NC1CCOCC1)c1ccc(-c2cc(-c3c[nH]nc3-c3ccccn3)ccn2)cc1
AD3CC00040947-I00-C00	AD3CC00040947	0	0	-47.20955411530233	HATGDZDIISRABJ-ZDUSSCGKSA-N	CC[C@H](C)NC(=O)c1cn2ncnc(Nc3cc(C(=O)NOC)ccc3C)c2c1C	CC[C@H](C)NC(=O)c1cn2ncnc(Nc3cc(C(=O)NOC)ccc3C)c2c1C
AD3CC00041321-I00-C00	AD3CC00041321	0	0	57.71139356289148	XTZMVZVCDOJUJH-UHFFFAOYSA-N	CC(C)(C)c1nnc2ccc(-c3ocnc3-c3ccc(F)cc3F)cn12	CC(C)(C)c1nnc2ccc(-c3ocnc3-c3ccc(F)cc3F)cn12
AD3CC00042162-I00-C00	AD3CC00042162	0	0	28.296905114465755	IKWWNWZDGSCJRW-UHFFFAOYSA-N	CCc1nc(-c2cccc(C)c2)c(-c2ccnc(NC(=O)Cc3ccccc3)c2)s1	CCc1nc(-c2cccc(C)c2)c(-c2ccnc(NC(=O)Cc3ccccc3)c2)s1
AD3CC00044802-I00-C01	AD3CC00044802	0	1	-28.99447758462476	CJKGORBZVWDVRY-UHFFFAOYSA-N	CSc1nc(-c2ccc(F)cc2)c(-c2ccnc(NC(C)=O)c2)n1C	CSc1nc(-c2ccc(F)cc2)c(-c2ccnc(NC(C)=O)c2)n1C
AD3CC00053571-I00-C00	AD3CC00053571	0	0	76.8966437422735	LSUOLDVCRALNRA-UHFFFAOYSA-N	CN1CCN(c2ccc(Nc3ncc4c(=O)n(-c5c(Cl)cc(Cl)cc5Cl)c5nc6ccccc6n5c4n3)cc2)CC1	CN1CCN(c2ccc(Nc3ncc4c(=O)n(-c5c(Cl)cc(Cl)cc5Cl)c5nc6ccccc6n5c4n3)cc2)CC1
AD3CC00054203-I00-C00	AD3CC00054203	0	0	-23.817116638756964	KDLHBWKPZPMEHM-UHFFFAOYSA-N	CNC(=O)c1ccc(C)c(NC(=O)c2cnc(NCCOC)s2)c1	CNC(=O)c1ccc(C)c(NC(=O)c2cnc(NCCOC)s2)c1
AD3CC00054347-I00-C00	AD3CC00054347	0	0	-42.239721125632805	VKUZYKGBWQZFIN-UHFFFAOYSA-N	CNC(=O)c1ccc(C)c(NC(=O)c2cnc(NC(C)C)s2)c1	CNC(=O)c1ccc(C)c(NC(=O)c2cnc(NC(C)C)s2)c1
AD3CC00054490-I00-C00	AD3CC00054490	0	0	-42.63644927653275	OYOUIHFZUAKCEF-NSHDSACASA-N	CC[C@H](C)Nc1ncc(C(=O)Nc2cc(C(=O)NC)ccc2C)s1	CC[C@H](C)Nc1ncc(C(=O)Nc2cc(C(=O)NC)ccc2C)s1
AD3CC00055761-I00-C00	AD3CC00055761	0	0	131.3177703234825	IOGHGRWQKSUBIK-UHFFFAOYSA-N	COc1cc(Nc2ncc3c(=O)n(-c4c(C)cccc4C)c4nc5ccccc5n4c3n2)cc(OC)c1OCCCN1CCN(C)CC1	COc1cc(Nc2ncc3c(=O)n(-c4c(C)cccc4C)c4nc5ccccc5n4c3n2)cc(OC)c1OCCCN1CCN(C)CC1
AD3CC00056270-I00-C00	AD3CC00056270	0	0	-67.7024116166324	KKKRKRMVJRHDMG-UHFFFAOYSA-N	Cn1c(=O)c(Oc2ccc(F)cc2F)cc2cnc(NC3CCOCC3)nc21	Cn1c(=O)c(Oc2ccc(F)cc2F)cc2cnc(NC3CCOCC3)nc21
AD3CC00060346-I00-C00	AD3CC00060346	0	0	8.247044779733203	OHMPXDCOVKOOAN-UHFFFAOYSA-N	O=C(Cc1c(F)cccc1Cl)Nc1onc(-c2ccc(F)cc2)c1-c1ccncn1	O=C(Cc1c(F)cccc1Cl)Nc1onc(-c2ccc(F)cc2)c1-c1ccncn1
AD3CC00061627-I00-C01	AD3CC00061627	0	1	28.752547688719822	MJOMJICXDIQFQR-UHFFFAOYSA-N	Cc1cccc(-c2nc(C)sc2-c2ccnc(NC(=O)c3ccccc3)c2)c1	Cc1cccc(-c2nc(C)sc2-c2ccnc(NC(=O)c3ccccc3)c2)c1
AD3CC00063948-I00-C00	AD3CC00063948	0	0	96.48418492482192	YOVKYZJMWCAPJA-UHFFFAOYSA-N	COc1ccc(N(C(=O)Oc2c(C)cccc2C)c2ccnc(Nc3ccc(OCCCN4CCN(C)CC4)c(OC)c3)n2)c(OC)c1	COc1ccc(N(C(=O)Oc2c(C)cccc2C)c2ccnc(Nc3ccc(OCCCN4CCN(C)CC4)c(OC)c3)n2)c(OC)c1
AD3CC00064048-I00-C00	AD3CC00064048	0	0	136.43075708479606	OYVCLLCTQUHVCE-INIZCTEOSA-N	Cc1ccc(C(=O)NC2CC2)cc1-c1ccc2c(N3CCOC[C@@H]3C)nncc2c1	Cc1ccc(C(=O)NC2CC2)cc1-c1ccc2c(N3CCOC[C@@H]3C)nncc2c1
AD3CC00065300-I00-C00	AD3CC00065300	0	0	41.11057234630058	DKZILDKFHNFIHZ-UHFFFAOYSA-N	Clc1ccc(-c2cc(-c3cccc(Br)c3)c(-c3ccncc3)[nH]2)cc1	Clc1ccc(-c2cc(-c3cccc(Br)c3)c(-c3ccncc3)[nH]2)cc1
AD3CC00068170-I00-C00	AD3CC00068170	0	0	4.869750458155664	DTSCAJVWSSGYIS-UHFFFAOYSA-N	Fc1ccc(-c2ncn(C3CCNCC3)c2-c2ccnc(Oc3ccccc3F)n2)cc1	Fc1ccc(-c2ncn(C3CCNCC3)c2-c2ccnc(Oc3ccccc3F)n2)cc1
AD3CC00068436-I00-C00	AD3CC00068436	0	0	-13.058563117656623	HZYVHWDHIRWTNY-UHFFFAOYSA-N	Cc1ccc(NC(=O)c2cccc(C(F)(F)F)c2)cc1C(=O)Nc1cnc(N)nc1	Cc1ccc(NC(=O)c2cccc(C(F)(F)F)c2)cc1C(=O)Nc1cnc(N)nc1
AD3CC00068871-I00-C00	AD3CC00068871	0	0	-63.57710916108486	AMLKAXKHAOGCFY-HNNXBMFYSA-N	CCCNc1nccc(-c2c(-c3ccc(F)cc3)nc3n2[C@H](CO)CC3)n1	CCCNc1nccc(-c2c(-c3ccc(F)cc3)nc3n2[C@H](CO)CC3)n1
AD3CC00069993-I00-C00	AD3CC00069993	0	0	-16.70445963443787	DEPQMFLVQJEMPL-UHFFFAOYSA-N	CNc1ncc2cc(-c3cc(C(=O)Nc4ccc(Cl)c(C(F)(F)F)c4C)ccc3C)ccc2n1	CNc1ncc2cc(-c3cc(C(=O)Nc4ccc(Cl)c(C(F)(F)F)c4C)ccc3C)ccc2n1
AD3CC00069994-I00-C00	AD3CC00069994	0	0	5.38532641641576	DGUSFVFTIHATAT-UHFFFAOYSA-N	CNc1ncc2cc(-c3cc(C(=O)Nc4cc(C(F)(F)F)ccc4OC4CCN(C)CC4)ccc3C)ccc2n1	CNc1ncc2cc(-c3cc(C(=O)Nc4cc(C(F)(F)F)ccc4OC4CCN(C)CC4)ccc3C)ccc2n1
AD3CC00070474-I00-C00	AD3CC00070474	0	0	9.905402994754246	GMVQPWCWWLPOQT-FQEVSTJZSA-N	CN(C)[C@H]1CCCN(c2ccc(C(F)(F)F)cc2NC(=O)c2cc(C#Cc3cnc(N)nc3)ccc2F)C1	CN(C)[C@H]1CCCN(c2ccc(C(F)(F)F)cc2NC(=O)c2cc(C#Cc3cnc(N)nc3)ccc2F)C1
AD3CC00074442-I00-C00	AD3CC00074442	0	0	-39.48576413212862	JKNVMEDXAYWIMH-UHFFFAOYSA-N	Cn1c(=O)c(Oc2ccc(F)cc2F)cc2cnc(NC(C)(C)CO)nc21	Cn1c(=O)c(Oc2ccc(F)cc2F)cc2cnc(NC(C)(C)CO)nc21
AD3CC00076082-I00-C00	AD3CC00076082	0	0	89.271870419554	DGKNVUBVVYMFQC-UHFFFAOYSA-N	O=c1c(Br)c(OCc2ccc(F)cc2F)cc(CO)n1-c1c(F)cccc1F	O=c1c(Br)c(OCc2ccc(F)cc2F)cc(CO)n1-c1c(F)cccc1F
AD3CC00076085-I00-C00	AD3CC00076085	0	0	83.39752890075152	LOAZSAQHNGGVGI-UHFFFAOYSA-N	Cc1cc(OCc2ccc(F)cc2F)c(Br)c(=O)n1-c1c(F)cc(OCC(N)=O)cc1F	Cc1cc(OCc2ccc(F)cc2F)c(Br)c(=O)n1-c1c(F)cc(OCC(N)=O)cc1F
AD3CC00076098-I00-C01	AD3CC00076098	0	1	92.2012572276252	FLFQSJTVQZCKBB-UHFFFAOYSA-N	O=c1c(Cl)c(OCc2ccc(F)cc2F)cc(CO)n1-c1c(F)cccc1F	O=c1c(Cl)c(OCc2ccc(F)cc2F)cc(CO)n1-c1c(F)cccc1F
AD3CC00076382-I00-C00	AD3CC00076382	0	0	28.394948832787133	SKZVJZQVXSCUCD-UHFFFAOYSA-N	CC(=O)N1CCC(c2[nH]nc(-c3ccc(F)cc3)c2-c2ccncc2)CC1	CC(=O)N1CCC(c2[nH]nc(-c3ccc(F)cc3)c2-c2ccncc2)CC1
AD3CC00077502-I00-C01	AD3CC00077502	0	1	-35.9823330898742	FCRBCMOVJUGGHZ-UHFFFAOYSA-N	CNC(=O)c1ccc(C)c(Nc2nc(N)nc3c2cnn3-c2ccccc2)c1	CNC(=O)c1ccc(C)c(Nc2nc(N)nc3c2cnn3-c2ccccc2)c1
AD3CC00077511-I00-C01	AD3CC00077511	0	1	46.961872785066056	XDYZFMGLVBMIQI-UHFFFAOYSA-N	CNC(=O)c1ccc(C)c(Nc2nc(C)nc3c2cnn3-c2ccccc2)c1	CNC(=O)c1ccc(C)c(Nc2nc(C)nc3c2cnn3-c2ccccc2)c1
AD3CC00077629-I00-C00	AD3CC00077629	0	0	132.91944379001063	RMAKFNMXUQPJOV-UHFFFAOYSA-N	CC(C)(C(=O)O)N1CCC(c2cc(-c3ccc(F)cc3Cl)c3ccc(=O)n(-c4c(Cl)cccc4Cl)c3c2)CC1	CC(C)(C(=O)O)N1CCC(c2cc(-c3ccc(F)cc3Cl)c3ccc(=O)n(-c4c(Cl)cccc4Cl)c3c2)CC1
AD3CC00077631-I00-C00	AD3CC00077631	0	0	38.01315681058904	KXNNHYBPDFMKQK-UHFFFAOYSA-N	CC(C)N1CCC(c2cc(-c3ccc(F)cc3Cl)c3c(c2)N(c2c(Cl)cccc2Cl)C(=O)NC3)CC1	CC(C)N1CCC(c2cc(-c3ccc(F)cc3Cl)c3c(c2)N(c2c(Cl)cccc2Cl)C(=O)NC3)CC1
AD3CC00077635-I00-C00	AD3CC00077635	0	0	112.94342017313168	AZTHHKLIYVJWNL-UHFFFAOYSA-N	CC(C)(C)N1CCC(c2cc(-c3ccc(F)cc3Cl)c3ccc(=O)n(-c4c(Cl)cccc4Cl)c3c2)CC1	CC(C)(C)N1CCC(c2cc(-c3ccc(F)cc3Cl)c3ccc(=O)n(-c4c(Cl)cccc4Cl)c3c2)CC1
AD3CC00077642-I00-C00	AD3CC00077642	0	0	35.112647066467005	OYFILJIGXDGSAR-UHFFFAOYSA-N	O=C1NCc2c(-c3ccccc3Cl)cc(C3CCNCC3)cc2N1c1c(Cl)cccc1Cl	O=C1NCc2c(-c3ccccc3Cl)cc(C3CCNCC3)cc2N1c1c(Cl)cccc1Cl
AD3CC00077645-I00-C00	AD3CC00077645	0	0	139.80886541756158	PQKRNNAFDPMGSF-UHFFFAOYSA-N	COC(=O)C(C)N1CCC(c2cc(-c3ccc(F)cc3Cl)c3ccc(=O)n(-c4c(Cl)cccc4Cl)c3c2)CC1	COC(=O)[C@@H](C)N1CCC(c2cc(-c3ccc(F)cc3Cl)c3ccc(=O)n(-c4c(Cl)cccc4Cl)c3c2)CC1
AD3CC00077680-I00-C00	AD3CC00077680	0	0	-67.24183288738662	QJTIXJPBVMBZGE-UHFFFAOYSA-N	Cn1c(=O)c(-c2ccccc2Cl)cc2cnc(NC3CCOCC3)nc21	Cn1c(=O)c(-c2ccccc2Cl)cc2cnc(NC3CCOCC3)nc21
AD3CC00078964-I00-C01	AD3CC00078964	0	1	110.24582457397	IWYYBVHHQRNVMT-UHFFFAOYSA-N	CNCC(=O)NCCCN(c1ccc(=O)n(-c2ccccc2Cl)n1)c1ccccc1Cl	CNCC(=O)NCCCN(c1ccc(=O)n(-c2ccccc2Cl)n1)c1ccccc1Cl
AD3CC00078965-I00-C04	AD3CC00078965	0	4	60.19146511642921	YRJCGFIHLVCSEO-UHFFFAOYSA-N	O=C(NCCCN(c1ccc(=O)n(-c2ccccc2Cl)n1)c1ccccc1Cl)C1CCNCC1	O=C(NCCCN(c1ccc(=O)n(-c2ccccc2Cl)n1)c1ccccc1Cl)C1CCNCC1
AD3CC00079018-I00-C00	AD3CC00079018	0	0	-119.49793019886523	HOIKLTSATLOGGQ-UHFFFAOYSA-N	CNc1nc(-c2ccccc2Cl)c2c(n1)N(c1c(Cl)cccc1Cl)C(=O)NC2	CNc1nc(-c2ccccc2Cl)c2c(n1)N(c1c(Cl)cccc1Cl)C(=O)NC2
AD3CC00079021-I00-C00	AD3CC00079021	0	0	-108.64222976895344	GQSHMOXUVVFBPL-UHFFFAOYSA-N	CC(C)(C)CNc1nc(-c2ccccc2Cl)c2c(n1)N(c1c(Cl)cccc1Cl)C(=O)NC2	CC(C)(C)CNc1nc(-c2ccccc2Cl)c2c(n1)N(c1c(Cl)cccc1Cl)C(=O)NC2
AD3CC00079026-I00-C00	AD3CC00079026	0	0	-50.85486567673736	XOFKBZXMDGGJMM-UHFFFAOYSA-N	CN(C)CCOc1nc(-c2ccccc2Cl)c2c(n1)N(c1c(Cl)cccc1Cl)C(=O)NC2	CN(C)CCOc1nc(-c2ccccc2Cl)c2c(n1)N(c1c(Cl)cccc1Cl)C(=O)NC2
AD3CC00079027-I00-C00	AD3CC00079027	0	0	-12.53561062594447	WZAKHOAIQXFVJG-UHFFFAOYSA-N	CN(C)CCN1CCN(c2nc(-c3ccccc3Cl)c3c(n2)N(c2c(Cl)cccc2Cl)C(=O)NC3)CC1	CN(C)CCN1CCN(c2nc(-c3ccccc3Cl)c3c(n2)N(c2c(Cl)cccc2Cl)C(=O)NC3)CC1
AD3CC00079034-I00-C00	AD3CC00079034	0	0	-108.02380865360198	XAHLKCKBXNHXNT-UHFFFAOYSA-N	CN1C2CCC1CC(Nc1nc(-c3ccccc3Cl)c3c(n1)N(c1c(Cl)cccc1Cl)C(=O)NC3)C2	CN1[C@H]2CC[C@@H]1CC(Nc1nc(-c3ccccc3Cl)c3c(n1)N(c1c(Cl)cccc1Cl)C(=O)NC3)C2
AD3CC00079035-I00-C01	AD3CC00079035	0	1	-110.46783468423736	KRVICYSFUWOTBR-UHFFFAOYSA-N	CC1(C)CC(Nc2nc(-c3ccccc3Cl)c3c(n2)N(c2c(Cl)cccc2Cl)C(=O)NC3)CC(C)(C)N1	CC1(C)CC(Nc2nc(-c3ccccc3Cl)c3c(n2)N(c2c(Cl)cccc2Cl)C(=O)NC3)CC(C)(C)N1
AD3CC00080130-I00-C00	AD3CC00080130	0	0	115.09829276440374	LTGBWAXSDFOJNJ-UHFFFAOYSA-N	Cc1ccccc1-c1c(N)c(C(=O)c2ccc(F)cc2F)cc[n+]1[O-]	Cc1ccccc1-c1c(N)c(C(=O)c2ccc(F)cc2F)cc[n+]1[O-]
AD3CC00080139-I00-C00	AD3CC00080139	0	0	137.60931048459037	FVGOVIUWSDRIRC-UHFFFAOYSA-N	COCCOc1ccc(-c2c(N)c(C(=O)c3ccc(F)cc3F)cc[n+]2[O-])c(C)c1	COCCOc1ccc(-c2c(N)c(C(=O)c3ccc(F)cc3F)cc[n+]2[O-])c(C)c1
AD3CC00081506-I00-C00	AD3CC00081506	0	0	2.6688458599598723	REHAUQAQYJALOK-XPKAQORNSA-N	CC(C)C(C)Nc1cc(-c2[nH]c(SC[C@H](O)CO)nc2-c2ccc(F)cc2)ccn1	CC(C)[C@@H](C)Nc1cc(-c2[nH]c(SC[C@H](O)CO)nc2-c2ccc(F)cc2)ccn1
AD3CC00081736-I00-C00	AD3CC00081736	0	0	65.856798082502	ZSAUJCJWNBHXLT-UHFFFAOYSA-N	CN1CCN(c2ccc(Nc3ncc(NC(=O)c4c(Cl)cccc4Cl)cn3)cc2)CC1	CN1CCN(c2ccc(Nc3ncc(NC(=O)c4c(Cl)cccc4Cl)cn3)cc2)CC1
AD3CC00081738-I00-C00	AD3CC00081738	0	0	76.12725187084273	WNUWKJKIAMXFRA-UHFFFAOYSA-N	CN1CCN(c2ccc(Nc3ncc(NC(=O)c4cc(NC(=O)c5ccc6c(c5)OC(F)(F)O6)ccc4Cl)cn3)cc2)CC1	CN1CCN(c2ccc(Nc3ncc(NC(=O)c4cc(NC(=O)c5ccc6c(c5)OC(F)(F)O6)ccc4Cl)cn3)cc2)CC1
AD3CC00082194-I00-C00	AD3CC00082194	0	0	49.91456042605126	BOPSUAHGQHFKGG-UHFFFAOYSA-N	Cc1ccc(C(=O)NC2CC2)cc1-c1ccc(C(=O)NCC2CC2)cc1	Cc1ccc(C(=O)NC2CC2)cc1-c1ccc(C(=O)NCC2CC2)cc1
AD3CC00082992-I00-C00	AD3CC00082992	0	0	64.65989848795775	AUZOBOALIFKXNA-UHFFFAOYSA-N	[O-][n+]1ccc2c(-c3ccc(F)cc3Cl)ccnc2c1-c1c(Cl)cccc1Cl	[O-][n+]1ccc2c(-c3ccc(F)cc3Cl)ccnc2c1-c1c(Cl)cccc1Cl
AD3CC00083291-I00-C00	AD3CC00083291	0	0	-22.95950784032276	KSNACPNQHCSZJH-UHFFFAOYSA-N	CSc1nc(-c2ccc(F)cc2)c(-c2ccnc(NC(C)CC(C)C)c2)[nH]1	CSc1nc(-c2ccc(F)cc2)c(-c2ccnc(N[C@@H](C)CC(C)C)c2)[nH]1
AD3CC00083300-I00-C01	AD3CC00083300	0	1	-28.31423547202949	GXEBQLXMNHUVPU-UHFFFAOYSA-N	CSc1nc(-c2ccc(F)cc2)c(-c2ccnc(NC3CCCCC3)c2)[nH]1	CSc1nc(-c2ccc(F)cc2)c(-c2ccnc(NC3CCCCC3)c2)[nH]1
AD3CC00084356-I00-C01	AD3CC00084356	0	1	55.7545463507796	SWTRIZHCIUWGAU-UHFFFAOYSA-N	COc1ccc(N2CCN(C)CC2)cc1Nc1ncc2c(n1)-c1c(c(C(N)=O)nn1C)CC2	COc1ccc(N2CCN(C)CC2)cc1Nc1ncc2c(n1)-c1c(c(C(N)=O)nn1C)CC2
AD3CC00089158-I00-C00	AD3CC00089158	0	0	75.2639168101489	KMSKKYBHDQYHMC-UHFFFAOYSA-N	Cc1ccc(-c2ncc[nH]2)cc1NC(=O)c1ccc(OCc2ccccn2)cc1	Cc1ccc(-c2ncc[nH]2)cc1NC(=O)c1ccc(OCc2ccccn2)cc1
AD3CC00090675-I00-C00	AD3CC00090675	0	0	68.42603689067373	WMEYCLAVMZKZCS-UHFFFAOYSA-N	Cc1ccc(C(=O)NC2CC2)cc1Nc1cc(=O)n(C)c2c1cnn2-c1ccc(F)cc1F	Cc1ccc(C(=O)NC2CC2)cc1Nc1cc(=O)n(C)c2c1cnn2-c1ccc(F)cc1F
AD3CC00091496-I00-C01	AD3CC00091496	0	1	101.57402833116768	KAJIDAUQCMSGGN-XQASTXFUSA-N	Cc1c(Nc2c(C#N)cncc2/C=C/CCN2CCC[C@@H](N)C2)ccc2[nH]ccc12	Cc1c(Nc2c(C#N)cncc2/C=C/CCN2CCC[C@@H](N)C2)ccc2[nH]ccc12
AD3CC00091682-I00-C00	AD3CC00091682	0	0	193.9181908432248	JCJSAFZMXVQVBR-PMACEKPBSA-N	CN1C[C@@H]2C[C@H]1CN2c1cc(F)c(-c2ccnc3c(-c4cccc5[nH]ncc45)c(-c4ccncc4)nn23)c(F)c1	CN1C[C@@H]2C[C@H]1CN2c1cc(F)c(-c2ccnc3c(-c4cccc5[nH]ncc45)c(-c4ccncc4)nn23)c(F)c1
AD3CC00092163-I00-C00	AD3CC00092163	0	0	-30.435703424136783	IMXHGCRIEAKIBU-UHFFFAOYSA-N	COC(=O)Nc1ccc(-c2nc(N3CCOCC3)c3cnn(C4CCN(C(=O)OC)CC4)c3n2)cc1	COC(=O)Nc1ccc(-c2nc(N3CCOCC3)c3cnn(C4CCN(C(=O)OC)CC4)c3n2)cc1
AD3CC00092732-I00-C00	AD3CC00092732	0	0	55.887685893624926	LZMWFPIUZDOPGD-UHFFFAOYSA-N	Cc1ccc(C(=O)NC2CC2)cc1-c1ccc2c(c1)NC(=O)C21CCC(O)CC1	Cc1ccc(C(=O)NC2CC2)cc1-c1ccc2c(c1)NC(=O)C21CCC(O)CC1
AD3CC00092734-I00-C00	AD3CC00092734	0	0	117.83831781193524	NFGQINUSUMNGDA-UHFFFAOYSA-N	Cc1ccc(C(=O)NC2CC2)cc1-c1ccc2c(c1)NC(=O)C21CCC(N2CCOCC2)CC1	Cc1ccc(C(=O)NC2CC2)cc1-c1ccc2c(c1)NC(=O)C21CCC(N2CCOCC2)CC1
AD3CC00092740-I00-C00	AD3CC00092740	0	0	46.922203273200125	GQMZOGFWLDFTKS-UHFFFAOYSA-N	Cc1ccc(C(=O)NC2CC2)cc1-c1cc2c(cn1)C1(CCCC1)C(=O)N2	Cc1ccc(C(=O)NC2CC2)cc1-c1cc2c(cn1)C1(CCCC1)C(=O)N2
AD3CC00092752-I00-C01	AD3CC00092752	0	1	41.32622574796967	WMHJTATUVGNFOU-UHFFFAOYSA-N	Cc1ccc(C(=O)NC(C)C)cc1-c1ccc2c(c1)NC(=O)C21CCCC1	Cc1ccc(C(=O)NC(C)C)cc1-c1ccc2c(c1)NC(=O)C21CCCC1
AD3CC00092753-I00-C00	AD3CC00092753	0	0	39.89784398838379	LZGGNMPDVLXLQT-UHFFFAOYSA-N	CNC(=O)c1ccc(C)c(-c2ccc3c(c2)NC(=O)C32CCCC2)c1	CNC(=O)c1ccc(C)c(-c2ccc3c(c2)NC(=O)C32CCCC2)c1
AD3CC00092766-I00-C00	AD3CC00092766	0	0	52.26728168529149	FLRTUTCEBWFJHR-UHFFFAOYSA-N	Cc1ccc(C(=O)NC2CC2)cc1-c1ccc2c(c1)NC(=O)C2(C)C	Cc1ccc(C(=O)NC2CC2)cc1-c1ccc2c(c1)NC(=O)C2(C)C
AD3CC00092767-I00-C00	AD3CC00092767	0	0	46.02477954200448	YABIXDISXMVNBR-UHFFFAOYSA-N	Cc1ccc(C(=O)NCC2CC2)cc1-c1ccc2c(c1)NC(=O)C2(C)C	Cc1ccc(C(=O)NCC2CC2)cc1-c1ccc2c(c1)NC(=O)C2(C)C
AD3CC00099345-I00-C00	AD3CC00099345	0	0	47.24994031824386	VATQLKILEGFOAH-UHFFFAOYSA-N	O=C1NCc2c(-c3ccc(F)cc3Cl)cc(C3CCN(CC4CCC4)CC3)cc2N1c1c(Cl)cccc1Cl	O=C1NCc2c(-c3ccc(F)cc3Cl)cc(C3CCN(CC4CCC4)CC3)cc2N1c1c(Cl)cccc1Cl
AD3CC00099359-I00-C00	AD3CC00099359	0	0	28.23178673341589	NWKSHBUEWYUFRP-UHFFFAOYSA-N	COC(=O)c1cc(-c2ccc(F)cc2)c2c(c1)N(c1c(Cl)cccc1Cl)C(=O)NC2	COC(=O)c1cc(-c2ccc(F)cc2)c2c(c1)N(c1c(Cl)cccc1Cl)C(=O)NC2
AD3CC00099368-I00-C00	AD3CC00099368	0	0	98.24589905520963	BUMVPZCWXPLQDF-UHFFFAOYSA-N	O=C1NCc2c(-c3ccccc3Cl)cc(CN3CCNCC3)cc2N1c1c(Cl)cccc1Cl	O=C1NCc2c(-c3ccccc3Cl)cc(CN3CCNCC3)cc2N1c1c(Cl)cccc1Cl
AD3CC00102358-I00-C00	AD3CC00102358	0	0	43.06736709734919	QRUGPEXDQDKFIQ-UHFFFAOYSA-N	Cc1cccc(Cl)c1N1C(=O)NCc2nc(Sc3ccc(F)cc3)ccc21	Cc1cccc(Cl)c1N1C(=O)NCc2nc(Sc3ccc(F)cc3)ccc21
AD3CC00104086-I00-C01	AD3CC00104086	0	1	60.33061904246115	MDNFXHVVRABLPD-UHFFFAOYSA-N	CCOc1ccccc1-c1cc(-c2ccc(Cl)cc2)[nH]c1-c1ccncc1	CCOc1ccccc1-c1cc(-c2ccc(Cl)cc2)[nH]c1-c1ccncc1
AD3CC00106993-I00-C00	AD3CC00106993	0	0	95.08159443909426	KYUIBCCUKPQZSS-UHFFFAOYSA-N	Cc1ccc(NC(=O)c2ccnc(N3CCOCC3)c2)cc1NC(=O)c1ccc(OCc2ccccn2)cc1	Cc1ccc(NC(=O)c2ccnc(N3CCOCC3)c2)cc1NC(=O)c1ccc(OCc2ccccn2)cc1
AD3CC00108625-I00-C00	AD3CC00108625	0	0	64.53211092151452	VKTAENBLRPMXKK-UHFFFAOYSA-N	O=C(NC1CCNCC1)c1cccc(-c2n[nH]c3cc(Nc4ccccc4Cl)ccc23)c1	O=C(NC1CCNCC1)c1cccc(-c2n[nH]c3cc(Nc4ccccc4Cl)ccc23)c1
AD3CC00108846-I00-C01	AD3CC00108846	0	1	98.77744306665414	QDXFCQVYWUZMOP-UHFFFAOYSA-N	CC(C)(C)N1CCC(Oc2cc(-c3ccc(F)cc3F)c3ccc(=O)n(-c4c(F)cccc4F)c3c2)CC1	CC(C)(C)N1CCC(Oc2cc(-c3ccc(F)cc3F)c3ccc(=O)n(-c4c(F)cccc4F)c3c2)CC1
AD3CC00108852-I00-C00	AD3CC00108852	0	0	111.79294013137782	AFYPLGXAWPGZHZ-UHFFFAOYSA-N	CC1(C)C=C(c2cc(-c3ccc(F)cc3Cl)c3ccc(=O)n(-c4c(Cl)cccc4Cl)c3c2)CC(C)(C)N1	CC1(C)C=C(c2cc(-c3ccc(F)cc3Cl)c3ccc(=O)n(-c4c(Cl)cccc4Cl)c3c2)CC(C)(C)N1
AD3CC00109463-I00-C00	AD3CC00109463	0	0	-61.51975691588661	GLWXMYOBTQMICW-LJQANCHMSA-N	CC(=O)N1CCC[C@@H](C(=O)Nc2cc(-c3ccnc(Nc4ccc(F)cc4)c3)ccn2)C1	CC(=O)N1CCC[C@@H](C(=O)Nc2cc(-c3ccnc(Nc4ccc(F)cc4)c3)ccn2)C1
AD3CC00110839-I00-C00	AD3CC00110839	0	0	97.96110686383322	PELUCDAGCYAICS-UHFFFAOYSA-N	COc1ccc(N(C(=O)Oc2c(C)cccc2C)c2ccnc(Nc3ccc(OCCN4CCN(C)CC4)cc3)n2)c(OC)c1	COc1ccc(N(C(=O)Oc2c(C)cccc2C)c2ccnc(Nc3ccc(OCCN4CCN(C)CC4)cc3)n2)c(OC)c1
AD3CC00112836-I00-C01	AD3CC00112836	0	1	103.313889048453	FOBYNQHMVPKSGV-UHFFFAOYSA-N	COc1cc2c(cc1C(=O)N1CCn3c(cnc3-c3ccc(F)cc3F)C1)c(C(=O)C(=O)N(C)C)cn2C	COc1cc2c(cc1C(=O)N1CCn3c(cnc3-c3ccc(F)cc3F)C1)c(C(=O)C(=O)N(C)C)cn2C
AD3CC00117234-I00-C00	AD3CC00117234	0	0	9.73545322284519	IPBUHLYEPFERFR-UHFFFAOYSA-N	Cc1ccc(NC(=O)c2cc(F)cc(N3CCOCC3)c2)cc1Nc1ncnn2cc(C(=O)NCCN(C)C)c(C)c12	Cc1ccc(NC(=O)c2cc(F)cc(N3CCOCC3)c2)cc1Nc1ncnn2cc(C(=O)NCCN(C)C)c(C)c12
AD3CC00117668-I00-C01	AD3CC00117668	0	1	128.84923768937057	ASQPNMCVHWLECS-OAHLLOKOSA-N	C[C@@H](N)C(=O)NCCOc1cc(-c2ccccc2Cl)c2ccc(=O)n(-c3c(Cl)cccc3Cl)c2c1	C[C@@H](N)C(=O)NCCOc1cc(-c2ccccc2Cl)c2ccc(=O)n(-c3c(Cl)cccc3Cl)c2c1
AD3CC00117668-I00-C01	AD3CC00117668	0	1	128.84923768937057	ASQPNMCVHWLECS-OAHLLOKOSA-N	C[C@@H](N)C(=O)NCCOc1cc(-c2ccccc2Cl)c2ccc(=O)n(-c3c(Cl)cccc3Cl)c2c1	C[C@@H](N)C(=O)NCCOc1cc(-c2ccccc2Cl)c2ccc(=O)n(-c3c(Cl)cccc3Cl)c2c1
AD3CC00117692-I01-C00	AD3CC00117692	1	0	144.17216591100515	KUXCIVMUCJPGKB-UHFFFAOYSA-N	NC(CO)C(=O)NCCOc1cc(-c2ccccc2Cl)c2ccc(=O)n(-c3c(Cl)cccc3Cl)c2c1	N[C@H](CO)C(=O)NCCOc1cc(-c2ccccc2Cl)c2ccc(=O)n(-c3c(Cl)cccc3Cl)c2c1
AD3CC00117707-I00-C02	AD3CC00117707	0	2	130.73529081557683	NXQSPQDDZFXLND-XMMPIXPASA-N	O=C(NCCOc1cc(-c2ccccc2Cl)c2ccc(=O)n(-c3c(Cl)cccc3Cl)c2c1)[C@H]1CCCN1	O=C(NCCOc1cc(-c2ccccc2Cl)c2ccc(=O)n(-c3c(Cl)cccc3Cl)c2c1)[C@H]1CCCN1
AD3CC00117714-I00-C02	AD3CC00117714	0	2	130.584049742697	NXQSPQDDZFXLND-DEOSSOPVSA-N	O=C(NCCOc1cc(-c2ccccc2Cl)c2ccc(=O)n(-c3c(Cl)cccc3Cl)c2c1)[C@@H]1CCCN1	O=C(NCCOc1cc(-c2ccccc2Cl)c2ccc(=O)n(-c3c(Cl)cccc3Cl)c2c1)[C@@H]1CCCN1
AD3CC00117743-I00-C00	AD3CC00117743	0	0	125.02995070828209	WJNSPQTZVLYFTR-UHFFFAOYSA-N	COc1cc(-c2ccccc2Cl)c2cc(O)c(=O)n(-c3c(Cl)cccc3Cl)c2c1	COc1cc(-c2ccccc2Cl)c2cc(O)c(=O)n(-c3c(Cl)cccc3Cl)c2c1
AD3CC00117758-I01-C00	AD3CC00117758	1	0	126.51832405856416	AHEUOGKHUTTYGP-UHFFFAOYSA-N	COc1cc(-c2ccccc2Cl)c2c(c1)N(c1c(Cl)cccc1Cl)C(=O)C(O)C2	COc1cc(-c2ccccc2Cl)c2c(c1)N(c1c(Cl)cccc1Cl)C(=O)[C@H](O)C2
AD3CC00118595-I00-C00	AD3CC00118595	0	0	47.33989331709633	JGJVCJKVGPBNRU-UHFFFAOYSA-N	CC(C)(C)Cn1cnc2ccc(-c3[nH]c(C(C)(C)C)nc3-c3ccc(F)cc3F)nc21	CC(C)(C)Cn1cnc2ccc(-c3[nH]c(C(C)(C)C)nc3-c3ccc(F)cc3F)nc21
AD3CC00118608-I00-C00	AD3CC00118608	0	0	51.91094052612741	KUPDINCZOMGPIC-UHFFFAOYSA-N	CC(C)(C)Cn1cnc2ccc(-c3[nH]c(C(C)(C)C)nc3-c3ccc(F)cc3)nc21	CC(C)(C)Cn1cnc2ccc(-c3[nH]c(C(C)(C)C)nc3-c3ccc(F)cc3)nc21
AD3CC00119719-I00-C00	AD3CC00119719	0	0	31.36827616319585	WNLNIJQBMRFLAJ-UHFFFAOYSA-N	Cc1nc(CNC(=O)c2ccc(-c3cc(C(=O)NC4CC4)cc(F)c3C)cc2)cs1	Cc1nc(CNC(=O)c2ccc(-c3cc(C(=O)NC4CC4)cc(F)c3C)cc2)cs1
AD3CC00119720-I00-C00	AD3CC00119720	0	0	43.17788903442656	FTHCHPDGJBUELK-UHFFFAOYSA-N	COCCNC(=O)c1ccc(-c2cc(C(=O)NC3CC3)cc(F)c2C)cc1	COCCNC(=O)c1ccc(-c2cc(C(=O)NC3CC3)cc(F)c2C)cc1
AD3CC00119746-I00-C00	AD3CC00119746	0	0	32.8839598950146	KTBQVLJAADKZTA-AWEZNQCLSA-N	Cc1c(F)cc(C(=O)NC2CC2)cc1-c1ccc(C(=O)N[C@@H](C)C(C)C)cn1	Cc1c(F)cc(C(=O)NC2CC2)cc1-c1ccc(C(=O)N[C@@H](C)C(C)C)cn1
AD3CC00122433-I00-C00	AD3CC00122433	0	0	80.13054318119876	AZDQJYNHHKSZIJ-UHFFFAOYSA-N	Cc1nc(-c2nc(N)[nH]c2-c2ccc3nccnc3c2)ccc1F	Cc1nc(-c2nc(N)[nH]c2-c2ccc3nccnc3c2)ccc1F
AD3CC00123338-I00-C00	AD3CC00123338	0	0	28.064347367349832	MFXFNCJMIVXUGG-UHFFFAOYSA-N	Cc1ccc(C(=O)Nc2nncs2)cc1-c1ccc(C(=O)NCC2CC2)cc1	Cc1ccc(C(=O)Nc2nncs2)cc1-c1ccc(C(=O)NCC2CC2)cc1
AD3CC00124379-I00-C00	AD3CC00124379	0	0	182.1774007903145	DBGFKAQCBIFIOK-UHFFFAOYSA-N	Cn1nc(C(C)(C)C)cc1C(=O)C(=O)Nc1ccc(OCCN2CCOCC2)c2ccccc12	Cn1nc(C(C)(C)C)cc1C(=O)C(=O)Nc1ccc(OCCN2CCOCC2)c2ccccc12
AD3CC00124381-I00-C00	AD3CC00124381	0	0	205.81917461512376	GXUAESATMIDZDL-UHFFFAOYSA-N	Cc1oc(C(C)(C)C)cc1C(=O)C(=O)Nc1ccc(-c2ccc(CN3CCOCC3)nc2)c2ccccc12	Cc1oc(C(C)(C)C)cc1C(=O)C(=O)Nc1ccc(-c2ccc(CN3CCOCC3)nc2)c2ccccc12
AD3CC00124381-I00-C00	AD3CC00124381	0	0	205.81917461512376	GXUAESATMIDZDL-UHFFFAOYSA-N	Cc1oc(C(C)(C)C)cc1C(=O)C(=O)Nc1ccc(-c2ccc(CN3CCOCC3)nc2)c2ccccc12	Cc1oc(C(C)(C)C)cc1C(=O)C(=O)Nc1ccc(-c2ccc(CN3CCOCC3)nc2)c2ccccc12
AD3CC00126602-I00-C00	AD3CC00126602	0	0	95.94445307092106	TWIULMFSTMZSOH-UHFFFAOYSA-N	O=C1c2ccc(Nc3ccc(F)cc3F)cc2CCc2ccc(OCCCO)cc21	O=C1c2ccc(Nc3ccc(F)cc3F)cc2CCc2ccc(OCCCO)cc21
AD3CC00127765-I00-C00	AD3CC00127765	0	0	80.7021673436822	IBXUWDQYQXOMGX-UHFFFAOYSA-N	Cn1c(=O)cc(Nc2cc(C(=O)NC3CC3)ccc2Cl)c2cnn(-c3cc(F)ccc3F)c21	Cn1c(=O)cc(Nc2cc(C(=O)NC3CC3)ccc2Cl)c2cnn(-c3cc(F)ccc3F)c21
AD3CC00128170-I00-C00	AD3CC00128170	0	0	81.41058047659241	TZRHWYWMDIRFSO-UHFFFAOYSA-N	CCn1c(=O)cc(Nc2cc(C(=O)NC3CC3)ccc2Cl)c2cnn(-c3ccc(F)cc3F)c21	CCn1c(=O)cc(Nc2cc(C(=O)NC3CC3)ccc2Cl)c2cnn(-c3ccc(F)cc3F)c21
AD3CC00128307-I00-C00	AD3CC00128307	0	0	94.91356280612963	OXIJPONGRSEQAF-UHFFFAOYSA-N	CONC(=O)c1ccc(C)c(Nc2cc(=O)n(C)c3c2cnn3-c2ccc(F)cc2F)c1	CONC(=O)c1ccc(C)c(Nc2cc(=O)n(C)c3c2cnn3-c2ccc(F)cc2F)c1
AD3CC00128625-I00-C00	AD3CC00128625	0	0	84.70189789278486	KKQGWXPVVNVWOA-UHFFFAOYSA-N	O=C1c2ccc(Nc3ccc(F)cc3F)cc2CCc2ccc(O)cc21	O=C1c2ccc(Nc3ccc(F)cc3F)cc2CCc2ccc(O)cc21
AD3CC00128649-I00-C01	AD3CC00128649	0	1	106.3268421872667	KRMLZRDHQHQPJW-BQYQJAHWSA-N	Cc1ncc(C#N)c(Nc2ccc3[nH]ccc3c2C)c1/C=C/c1cccc(S(=O)(=O)N2CCN(C)CC2)c1	Cc1ncc(C#N)c(Nc2ccc3[nH]ccc3c2C)c1/C=C/c1cccc(S(=O)(=O)N2CCN(C)CC2)c1
AD3CC00130423-I00-C00	AD3CC00130423	0	0	85.97906138448855	PITYNMYOESMSQK-UHFFFAOYSA-N	Cc1c(F)cc(C(=O)NC2CC2)cc1-c1cc2cnnc(-c3ccc(F)cc3F)c2n(C)c1=O	Cc1c(F)cc(C(=O)NC2CC2)cc1-c1cc2cnnc(-c3ccc(F)cc3F)c2n(C)c1=O
AD3CC00130427-I00-C00	AD3CC00130427	0	0	112.3944678887113	CYSNCSFWMHJHCY-UHFFFAOYSA-N	Cc1cnc(C(=O)NC2CC2)cc1-c1cc2cnnc(-c3ccc(F)cc3F)c2n(C)c1=O	Cc1cnc(C(=O)NC2CC2)cc1-c1cc2cnnc(-c3ccc(F)cc3F)c2n(C)c1=O
AD3CC00130846-I00-C00	AD3CC00130846	0	0	66.40067872188688	SWRQVPZECXKHOO-UHFFFAOYSA-N	Cc1ncccc1-c1nncc2nc(Nc3ccc(F)cc3F)ccc12	Cc1ncccc1-c1nncc2nc(Nc3ccc(F)cc3F)ccc12
AD3CC00130858-I00-C00	AD3CC00130858	0	0	52.935853732588846	KVYACQITJIHOHT-UHFFFAOYSA-N	Cn1cc(-c2nncc3nc(Nc4ccc(F)cc4F)ccc23)cn1	Cn1cc(-c2nncc3nc(Nc4ccc(F)cc4F)ccc23)cn1
AD3CC00130859-I00-C00	AD3CC00130859	0	0	52.49227825631982	VOKWNCVLWQUVIK-UHFFFAOYSA-N	Fc1ccc(Nc2ccc3c(-c4cn[nH]c4)nncc3n2)c(F)c1	Fc1ccc(Nc2ccc3c(-c4cn[nH]c4)nncc3n2)c(F)c1
AD3CC00131608-I00-C00	AD3CC00131608	0	0	43.40670305169928	JDWSITLLFNWXHF-UHFFFAOYSA-N	Fc1ccc(Sc2ccc3nnc(-c4ccc(F)cc4F)n3c2)c(F)c1	Fc1ccc(Sc2ccc3nnc(-c4ccc(F)cc4F)n3c2)c(F)c1
AD3CC00131609-I00-C00	AD3CC00131609	0	0	66.95559228930796	PZFDEJJTIGVKBM-UHFFFAOYSA-N	COC(=O)c1ccc(C)c(-c2nnc3ccc(Sc4ccc(F)cc4F)cn23)c1	COC(=O)c1ccc(C)c(-c2nnc3ccc(Sc4ccc(F)cc4F)cn23)c1
AD3CC00131725-I00-C00	AD3CC00131725	0	0	51.48005044744883	RTLUPRCLMIZMEX-UHFFFAOYSA-N	C=CCC(C)(C)c1nnc2ccc(Sc3ccc(F)cc3F)cn12	C=CCC(C)(C)c1nnc2ccc(Sc3ccc(F)cc3F)cn12
AD3CC00132303-I00-C01	AD3CC00132303	0	1	166.52875142816347	MWISVEFCAQRLQT-SVSOVTBISA-N	C[C@H]1CN(C(=O)c2cc3c(C(=O)C(=O)N(C)C)cn(C)c3cc2Cl)[C@H](C)CN1C1CCc2ccccc21	C[C@H]1CN(C(=O)c2cc3c(C(=O)C(=O)N(C)C)cn(C)c3cc2Cl)[C@H](C)CN1[C@@H]1CCc2ccccc21
AD3CC00133731-I00-C00	AD3CC00133731	0	0	50.30243356413663	UFZFALKWYRNPQE-PMACEKPBSA-N	O[C@H]1CCC[C@@H]1N1CCC(c2[nH]nc(-c3ccc(Cl)cc3)c2-c2ccncn2)CC1	O[C@H]1CCC[C@@H]1N1CCC(c2[nH]nc(-c3ccc(Cl)cc3)c2-c2ccncn2)CC1
AD3CC00133820-I00-C01	AD3CC00133820	0	1	53.99887064931638	VINQLWACVZJJIO-UHFFFAOYSA-N	N#Cc1csc(NC(=O)Cc2cccc3cnccc23)c1-c1ncn[nH]1	N#Cc1csc(NC(=O)Cc2cccc3cnccc23)c1-c1ncn[nH]1
AD3CC00133830-I00-C00	AD3CC00133830	0	0	30.42639841741762	TXUPRVNNKMSBLZ-UHFFFAOYSA-N	O=C(Cn1c(=O)ccc2cc(F)c(F)cc21)Nc1scc(Br)c1-c1ncn[nH]1	O=C(Cn1c(=O)ccc2cc(F)c(F)cc21)Nc1scc(Br)c1-c1ncn[nH]1
AD3CC00134343-I00-C00	AD3CC00134343	0	0	55.31682322326838	FBBSXSUJJZYEKK-UHFFFAOYSA-N	Cc1ccc(C(=O)NC2CC2)cc1Nc1nncc2c1cnn2-c1c(F)cccc1F	Cc1ccc(C(=O)NC2CC2)cc1Nc1nncc2c1cnn2-c1c(F)cccc1F
AD3CC00134360-I00-C00	AD3CC00134360	0	0	51.161234937000046	LAFFLQIWULSYHH-UHFFFAOYSA-N	Cc1c(F)cc(C(=O)NC2CC2)cc1Nc1nnc(C)c2c1cnn2-c1ccc(F)cc1F	Cc1c(F)cc(C(=O)NC2CC2)cc1Nc1nnc(C)c2c1cnn2-c1ccc(F)cc1F
AD3CC00134516-I00-C00	AD3CC00134516	0	0	83.56651447228556	CRKQRYLKLKGGSF-UHFFFAOYSA-N	O=C(NC1CC1)c1ccc(Cl)c(Nc2nncc3c2cnn3-c2ccc(F)cc2)c1	O=C(NC1CC1)c1ccc(Cl)c(Nc2nncc3c2cnn3-c2ccc(F)cc2)c1
AD3CC00135375-I00-C03	AD3CC00135375	0	3	-64.65696178623932	ZQGFBKWNEQRAPD-KRWDZBQOSA-N	CCN(C(=O)c1cccc(C)c1)c1ccnc(N[C@@H](C)c2ccccc2)n1	CCN(C(=O)c1cccc(C)c1)c1ccnc(N[C@@H](C)c2ccccc2)n1
AD3CC00135418-I00-C02	AD3CC00135418	0	2	92.55836620633502	RRPBINIMFWOHQV-UHFFFAOYSA-N	CNC(=O)c1ccc(C)c(-n2ncc(OCc3ccc(F)cc3F)c(Br)c2=O)c1	CNC(=O)c1ccc(C)c(-n2ncc(OCc3ccc(F)cc3F)c(Br)c2=O)c1
AD3CC00137001-I00-C00	AD3CC00137001	0	0	-66.40599258847047	VZONEKWHHXKRRX-UHFFFAOYSA-N	Cc1ccc(NC(=O)Nc2ccc(Cl)c(C(F)(F)F)c2)cc1Nc1nccc(-c2cccnc2)n1	Cc1ccc(NC(=O)Nc2ccc(Cl)c(C(F)(F)F)c2)cc1Nc1nccc(-c2cccnc2)n1
AD3CC00140748-I00-C00	AD3CC00140748	0	0	-4.10546317522825	IUCRTXMTGDSAKX-UHFFFAOYSA-N	CSc1nc(-c2ccc(F)cc2)c(-c2ccnc(NC(=O)Cc3ccc(F)cc3)c2)[nH]1	CSc1nc(-c2ccc(F)cc2)c(-c2ccnc(NC(=O)Cc3ccc(F)cc3)c2)[nH]1
AD3CC00140748-I00-C00	AD3CC00140748	0	0	-4.10546317522825	IUCRTXMTGDSAKX-UHFFFAOYSA-N	CSc1nc(-c2ccc(F)cc2)c(-c2ccnc(NC(=O)Cc3ccc(F)cc3)c2)[nH]1	CSc1nc(-c2ccc(F)cc2)c(-c2ccnc(NC(=O)Cc3ccc(F)cc3)c2)[nH]1
AD3CC00140750-I00-C00	AD3CC00140750	0	0	-10.67431863368929	PARMXNOKKGNOJT-MDZDMXLPSA-N	CSc1nc(-c2ccc(F)cc2)c(-c2ccnc(NC(=O)/C=C/c3c(Cl)cccc3Cl)c2)[nH]1	CSc1nc(-c2ccc(F)cc2)c(-c2ccnc(NC(=O)/C=C/c3c(Cl)cccc3Cl)c2)[nH]1
AD3CC00141018-I00-C00	AD3CC00141018	0	0	-169.25359425199687	CMJCXYNUCSMDBY-ZDUSSCGKSA-N	COC(=O)N[C@@H](C)CNc1nccc(-c2cn(C(C)C)nc2-c2cc(Cl)cc(NS(C)(=O)=O)c2F)n1	COC(=O)N[C@@H](C)CNc1nccc(-c2cn(C(C)C)nc2-c2cc(Cl)cc(NS(C)(=O)=O)c2F)n1
AD3CC00141212-I00-C00	AD3CC00141212	0	0	19.84751106044173	YZJYYYWPZRYBLV-UHFFFAOYSA-N	O=c1n(C2CCOCC2)nc(-c2ccnc(NC3CCCCC3)c2)n1-c1ccc2ccccc2c1	O=c1n(C2CCOCC2)nc(-c2ccnc(NC3CCCCC3)c2)n1-c1ccc2ccccc2c1
AD3CC00141866-I00-C00	AD3CC00141866	0	0	71.70032516026767	QUYGYUVUHYMMRW-UHFFFAOYSA-N	CN1CCN(c2cc(F)c3c(c2)nc(Cc2ccc4c(c2)OCO4)n2nc(N)nc32)CC1	CN1CCN(c2cc(F)c3c(c2)nc(Cc2ccc4c(c2)OCO4)n2nc(N)nc32)CC1
AD3CC00142699-I00-C00	AD3CC00142699	0	0	-84.51103123414025	QKDFZWOIJPKRGR-UHFFFAOYSA-N	CC(=O)N1CCC(Nc2ncc3cc(Oc4ccc(F)cc4F)c(=O)n(C)c3n2)CC1	CC(=O)N1CCC(Nc2ncc3cc(Oc4ccc(F)cc4F)c(=O)n(C)c3n2)CC1
AD3CC00142755-I00-C00	AD3CC00142755	0	0	-40.2497984196782	JZCGVLKIOPIBJT-HNNXBMFYSA-N	O=c1c(Oc2ccc(F)cc2F)cc2cnc(NC3CCOCC3)nc2n1C[C@H](O)CO	O=c1c(Oc2ccc(F)cc2F)cc2cnc(NC3CCOCC3)nc2n1C[C@H](O)CO
AD3CC00143262-I00-C01	AD3CC00143262	0	1	29.336329053688104	BEBZPLUXTCGKDB-UHFFFAOYSA-N	CC(C)Nc1ncc(-c2cc(-c3ccccc3Cl)nc(-c3ccccn3)n2)s1	CC(C)Nc1ncc(-c2cc(-c3ccccc3Cl)nc(-c3ccccn3)n2)s1
AD3CC00143312-I00-C00	AD3CC00143312	0	0	-17.12364140385599	QOEIGMKANNGSHB-UHFFFAOYSA-N	CSc1nc(-c2ccc(F)cc2)c(-c2ccnc(NC(=O)C3=Cc4ccccc4OC3)c2)[nH]1	CSc1nc(-c2ccc(F)cc2)c(-c2ccnc(NC(=O)C3=Cc4ccccc4OC3)c2)[nH]1
AD3CC00143414-I00-C00	AD3CC00143414	0	0	82.5202886493232	JUEAPDGBQHJSBA-UHFFFAOYSA-N	Cc1ccc(C(=O)Nc2ccon2)cc1NC(=O)c1cnn(-c2ccccn2)c1N	Cc1ccc(C(=O)Nc2ccon2)cc1NC(=O)c1cnn(-c2ccccn2)c1N
AD3CC00143695-I00-C00	AD3CC00143695	0	0	138.89149532651953	DAADQLRKCRTURV-UHFFFAOYSA-N	Cc1cnc(C(=O)NC2CC2)cc1-c1cc2cnnc(-c3ccccc3C(F)(F)F)c2n(C)c1=O	Cc1cnc(C(=O)NC2CC2)cc1-c1cc2cnnc(-c3ccccc3C(F)(F)F)c2n(C)c1=O
AD3CC00144710-I01-C00	AD3CC00144710	1	0	-11.88248848037627	BRDFGPFUFMFCTP-UHFFFAOYSA-N	C[S+]([O-])c1nc(-c2ccc(F)cc2)c(-c2ccnc(NC3CCOCC3)c2)[nH]1	C[S@@+]([O-])c1nc(-c2ccc(F)cc2)c(-c2ccnc(NC3CCOCC3)c2)[nH]1
AD3CC00146657-I00-C00	AD3CC00146657	0	0	71.04923091384045	QMEZKJBCLUGJTN-APQFZBCISA-N	COc1cc(O)c2c(c1)CCC[C@H](O)CC(=O)/C=C\C[C@H](C)OC2=O	COc1cc(O)c2c(c1)CCC[C@H](O)CC(=O)/C=C\C[C@H](C)OC2=O
AD3CC00148202-I00-C00	AD3CC00148202	0	0	16.62593463328295	SIUIQMQVKUUQQF-UHFFFAOYSA-N	CN(C)CCN1CCN(C(=O)c2cc(C(C)(C)C)sc2NC(=O)Nc2cccc(Cl)c2Cl)CCC1=O	CN(C)CCN1CCN(C(=O)c2cc(C(C)(C)C)sc2NC(=O)Nc2cccc(Cl)c2Cl)CCC1=O
AD3CC00151415-I00-C00	AD3CC00151415	0	0	59.27151224717452	SJOMJTKWXZEYKX-UHFFFAOYSA-N	Cc1cccc(-c2[nH]c(CNc3ccccc3Br)nc2-c2ccc3ncnn3c2)n1	Cc1cccc(-c2[nH]c(CNc3ccccc3Br)nc2-c2ccc3ncnn3c2)n1
AD3CC00151446-I00-C00	AD3CC00151446	0	0	95.6173446134882	FJCORFQIRVXPCY-UHFFFAOYSA-N	CNS(=O)(=O)Cc1ccc(-n2nc(C(C)(C)C)cc2NC(=O)Nc2ccc(Oc3ccnc4[nH]c(=O)cnc34)c3ccccc23)cc1	CNS(=O)(=O)Cc1ccc(-n2nc(C(C)(C)C)cc2NC(=O)Nc2ccc(Oc3ccnc4[nH]c(=O)cnc34)c3ccccc23)cc1
AD3CC00151472-I00-C00	AD3CC00151472	0	0	39.32785532480968	BRFBWBYMLHDXOU-UHFFFAOYSA-N	CSc1cccc(NCc2nc(-c3ccc4ncnn4c3)c(-c3cccc(C)n3)[nH]2)c1	CSc1cccc(NCc2nc(-c3ccc4ncnn4c3)c(-c3cccc(C)n3)[nH]2)c1
AD3CC00151486-I00-C00	AD3CC00151486	0	0	50.62986374155205	RWCTXBFEMGKAHM-UHFFFAOYSA-N	COC(=O)c1cccc(NCc2nc(-c3ccc4ncnn4c3)c(-c3cccc(C)n3)[nH]2)c1	COC(=O)c1cccc(NCc2nc(-c3ccc4ncnn4c3)c(-c3cccc(C)n3)[nH]2)c1
AD3CC00151516-I00-C01	AD3CC00151516	0	1	67.78399111269019	IUSLOEXUZXRHRH-UHFFFAOYSA-N	Cc1cccc(-c2[nH]c(CNc3cccc(CN(C)C)c3F)nc2-c2ccc3ncnn3c2)n1	Cc1cccc(-c2[nH]c(CNc3cccc(CN(C)C)c3F)nc2-c2ccc3ncnn3c2)n1
AD3CC00152124-I00-C00	AD3CC00152124	0	0	116.66487533185152	SBLMCLDRWJNEJK-UHFFFAOYSA-N	COc1cc2nccc(Oc3ccc(NC(=O)c4c(C)n(C)n(-c5ccccc5)c4=O)cc3F)c2cc1OC	COc1cc2nccc(Oc3ccc(NC(=O)c4c(C)n(C)n(-c5ccccc5)c4=O)cc3F)c2cc1OC
AD3CC00152653-I00-C00	AD3CC00152653	0	0	-1.7143580345783458	VBPADMHWZCSSBO-UHFFFAOYSA-N	Cc1ccc(C(=O)NC2CC2)cc1Nc1ncnn2cc(C(=O)c3ccco3)c(C)c12	Cc1ccc(C(=O)NC2CC2)cc1Nc1ncnn2cc(C(=O)c3ccco3)c(C)c12
AD3CC00153050-I00-C00	AD3CC00153050	0	0	73.31163179622783	SNPRKKTUSKAVDI-UHFFFAOYSA-N	Cc1ccc(C(=O)NC2CC2)cc1Nc1ncnn2cc(C(=O)c3cnc4ccccc4n3)c(C)c12	Cc1ccc(C(=O)NC2CC2)cc1Nc1ncnn2cc(C(=O)c3cnc4ccccc4n3)c(C)c12
AD3CC00153439-I00-C00	AD3CC00153439	0	0	67.99494236492454	LHJZWNSLAVIXQG-UHFFFAOYSA-N	Cc1ccc(C(N)=O)cc1-n1c(C)cc(OCc2ccc(F)cc2F)c(Br)c1=O	Cc1ccc(C(N)=O)cc1-n1c(C)cc(OCc2ccc(F)cc2F)c(Br)c1=O
AD3CC00153442-I00-C01	AD3CC00153442	0	1	28.16372326799826	SOMNCVPYKMGVHO-ZDUSSCGKSA-N	Cc1ccc(C(=O)NC[C@H](C)CO)cc1-n1cnc(OCc2ccc(F)cc2F)c(Cl)c1=O	Cc1ccc(C(=O)NC[C@H](C)CO)cc1-n1cnc(OCc2ccc(F)cc2F)c(Cl)c1=O
AD3CC00153460-I00-C00	AD3CC00153460	0	0	-18.16498030281997	LRAJDPWVFSONSN-UHFFFAOYSA-N	Cc1ccc(C(=O)NC2CC2)cc1Nc1ncnn2cc(C(=O)c3ccc[nH]3)c(C)c12	Cc1ccc(C(=O)NC2CC2)cc1Nc1ncnn2cc(C(=O)c3ccc[nH]3)c(C)c12
AD3CC00155562-I00-C00	AD3CC00155562	0	0	40.76158775143652	NIPDDLFKIMAGDA-UHFFFAOYSA-N	CCn1c(=O)c(-c2cc(C(=O)NC3CC3)cc(F)c2C)cc2nnc(-c3c(F)cccc3Cl)n21	CCn1c(=O)c(-c2cc(C(=O)NC3CC3)cc(F)c2C)cc2nnc(-c3c(F)cccc3Cl)n21
AD3CC00157273-I00-C00	AD3CC00157273	0	0	-38.46626769568651	LOXPEARIDHTHOH-UHFFFAOYSA-N	CC(C)(C)c1cc(C(=O)N2CCC(=O)N(CCC(N)=O)CC2)c(NC(=O)Nc2cccc(Cl)c2Cl)s1	CC(C)(C)c1cc(C(=O)N2CCC(=O)N(CCC(N)=O)CC2)c(NC(=O)Nc2cccc(Cl)c2Cl)s1
AD3CC00157602-I00-C00	AD3CC00157602	0	0	52.83967320489282	FECVHEVOYIXWFN-UHFFFAOYSA-N	CCn1c(=O)c(-c2cc(C(=O)NC3CC3)ccc2C)cc2nnc(-c3c(F)cccc3F)n21	CCn1c(=O)c(-c2cc(C(=O)NC3CC3)ccc2C)cc2nnc(-c3c(F)cccc3F)n21
AD3CC00161852-I00-C00	AD3CC00161852	0	0	110.32595432914904	JPQYJAAMQYQUDL-VWLOTQADSA-N	NCC[C@H](NCCCOc1cc(F)c(-n2c(N)c(C(=O)c3ccc(F)cc3F)ccc2=O)c(F)c1)C(=O)OC1CCCC1	NCC[C@H](NCCCOc1cc(F)c(-n2c(N)c(C(=O)c3ccc(F)cc3F)ccc2=O)c(F)c1)C(=O)OC1CCCC1
AD3CC00167520-I00-C02	AD3CC00167520	0	2	-13.978691811284865	VWPJWDZHEMCUOG-UHFFFAOYSA-N	Cc1cccc(-c2[nH]c(CNc3cccc(NS(C)(=O)=O)c3)nc2-c2ccc3ncnn3c2)n1	Cc1cccc(-c2[nH]c(CNc3cccc(NS(C)(=O)=O)c3)nc2-c2ccc3ncnn3c2)n1
AD3CC00172203-I00-C00	AD3CC00172203	0	0	117.809732675753	LDBMJCSVGMMCCI-UHFFFAOYSA-N	O=C1c2ccc(Nc3ccc(F)cc3F)cc2CCc2cc(OCCO)ccc21	O=C1c2ccc(Nc3ccc(F)cc3F)cc2CCc2cc(OCCO)ccc21
AD3CC00176119-I00-C00	AD3CC00176119	0	0	53.17487948201152	GBEBCBVAFSGAEO-UHFFFAOYSA-N	Cc1ccc(C(=O)NC2CC2)cc1NC(=O)c1ccc(-c2ccc(C#N)cc2)s1	Cc1ccc(C(=O)NC2CC2)cc1NC(=O)c1ccc(-c2ccc(C#N)cc2)s1
AD3CC00185547-I00-C01	AD3CC00185547	0	1	34.071119457361085	YVNIRHOSELPYAW-UHFFFAOYSA-N	Cc1cccc(-c2sc(NCc3cccc(C#N)c3)nc2-c2ccc3ncnn3c2)n1	Cc1cccc(-c2sc(NCc3cccc(C#N)c3)nc2-c2ccc3ncnn3c2)n1
AD3CC00185922-I00-C00	AD3CC00185922	0	0	101.9063392716078	WXNZQVYLCGNHQK-UHFFFAOYSA-N	Cc1ccc(NC(=O)c2ccno2)cc1-n1cnc2ccc(N3CCN(C)CC3)cc2c1=O	Cc1ccc(NC(=O)c2ccno2)cc1-n1cnc2ccc(N3CCN(C)CC3)cc2c1=O
AD3CC00185986-I00-C00	AD3CC00185986	0	0	90.40951798220485	SBHODUNGGJKTHR-UHFFFAOYSA-N	Cc1ccc(-c2c(C)nn(C)c2C)cc1NC(=O)c1ccc(OCc2ccccn2)cc1	Cc1ccc(-c2c(C)nn(C)c2C)cc1NC(=O)c1ccc(OCc2ccccn2)cc1
AD3CC00186049-I00-C01	AD3CC00186049	0	1	39.91435310094991	NVUCXTBAGHPGKH-UHFFFAOYSA-N	Cc1cccc(-c2nc(NCc3ccc(Cl)cc3)sc2-c2ccc3ncnn3c2)n1	Cc1cccc(-c2nc(NCc3ccc(Cl)cc3)sc2-c2ccc3ncnn3c2)n1
AD3CC00186500-I00-C00	AD3CC00186500	0	0	21.557834446714413	NWKVJLWADKJMIM-UHFFFAOYSA-N	Cc1cccc(-c2sc(NCc3ccccc3)nc2-c2ccc3ncnn3c2)n1	Cc1cccc(-c2sc(NCc3ccccc3)nc2-c2ccc3ncnn3c2)n1
AD3CC00190933-I00-C01	AD3CC00190933	0	1	117.34880396635238	GQEGYMPXVAKBAF-UHFFFAOYSA-N	O=C(Nc1cc(Nc2ccc3c(c2)OCc2ccccc2C3=O)ccc1F)c1ccccc1	O=C(Nc1cc(Nc2ccc3c(c2)OCc2ccccc2C3=O)ccc1F)c1ccccc1
AD3CC00191142-I00-C01	AD3CC00191142	0	1	-24.35739770599857	UVBKNBPCVRBUTF-UHFFFAOYSA-N	CC(C)(C(=O)NCCn1ccc2ncnc(Nc3ccc(Oc4cccc(Cl)c4)c(Cl)c3)c21)S(C)(=O)=O	CC(C)(C(=O)NCCn1ccc2ncnc(Nc3ccc(Oc4cccc(Cl)c4)c(Cl)c3)c21)S(C)(=O)=O
AD3CC00191525-I00-C00	AD3CC00191525	0	0	116.9325777218517	DTUOAUQGMIXDFU-UHFFFAOYSA-N	Cc1ccc(Nc2ccc3c(c2)CCc2ccccc2C3=O)cc1NC(=O)c1ccccc1	Cc1ccc(Nc2ccc3c(c2)CCc2ccccc2C3=O)cc1NC(=O)c1ccccc1
AD3CC00194938-I01-C00	AD3CC00194938	1	0	101.47399720118987	XHDMFGHZBJELND-UHFFFAOYSA-N	O=C1c2ccc(Nc3ccc(F)c(NC(=O)C4CCOC4)c3)cc2CCc2ccc(OCCO)cc21	O=C1c2ccc(Nc3ccc(F)c(NC(=O)[C@H]4CCOC4)c3)cc2CCc2ccc(OCCO)cc21
AD3CC00194939-I00-C00	AD3CC00194939	0	0	138.22958625628516	JVPRVOXEHMVDFU-UHFFFAOYSA-N	O=C(Nc1ccc(F)c(Nc2ccc3c(c2)CCc2ccc(OCCO)cc2C3=O)c1)c1ccccc1	O=C(Nc1ccc(F)c(Nc2ccc3c(c2)CCc2ccc(OCCO)cc2C3=O)c1)c1ccccc1
AD3CC00194946-I00-C00	AD3CC00194946	0	0	130.26958486667547	AOJWJIKBZQTQGR-OAQYLSRUSA-N	O=C(Nc1cc(Nc2ccc3c(c2)CCc2ccc(OC[C@H](O)CO)cc2C3=O)ccc1F)c1cccs1	O=C(Nc1cc(Nc2ccc3c(c2)CCc2ccc(OC[C@H](O)CO)cc2C3=O)ccc1F)c1cccs1
AD3CC00194955-I00-C00	AD3CC00194955	0	0	178.2644880652376	QVHLCAGXXZQPBF-UHFFFAOYSA-N	O=C(Nc1cc(Nc2ccc3c(c2)CCc2ccc(OCCN4CCOCC4)cc2C3=O)c(F)cc1F)c1ccsc1	O=C(Nc1cc(Nc2ccc3c(c2)CCc2ccc(OCCN4CCOCC4)cc2C3=O)c(F)cc1F)c1ccsc1
AD3CC00194966-I00-C00	AD3CC00194966	0	0	81.95014681194621	GUQILYLPTDMXJU-UHFFFAOYSA-N	CNC(=O)c1ccc2c(c1)C(=O)c1ccc(Nc3ccc(F)cc3F)cc1CC2	CNC(=O)c1ccc2c(c1)C(=O)c1ccc(Nc3ccc(F)cc3F)cc1CC2
AD3CC00194972-I00-C00	AD3CC00194972	0	0	91.92389521909608	WKURIONRUHNBST-UHFFFAOYSA-N	O=C(NCCCl)c1ccc2c(c1)C(=O)c1ccc(Nc3ccc(F)cc3F)cc1CC2	O=C(NCCCl)c1ccc2c(c1)C(=O)c1ccc(Nc3ccc(F)cc3F)cc1CC2
AD3CC00194978-I00-C00	AD3CC00194978	0	0	93.6037296542183	WMVRVNUPSRSIBL-UHFFFAOYSA-N	O=C(NCCO)c1ccc2c(c1)C(=O)c1ccc(Nc3ccc(F)cc3F)cc1CC2	O=C(NCCO)c1ccc2c(c1)C(=O)c1ccc(Nc3ccc(F)cc3F)cc1CC2
AD3CC00194981-I00-C00	AD3CC00194981	0	0	104.34834552451234	MJYWJOAFRKITOU-UHFFFAOYSA-N	CN(C)CCNC(=O)c1ccc2c(c1)C(=O)c1ccc(Nc3ccc(F)cc3F)cc1CC2	CN(C)CCNC(=O)c1ccc2c(c1)C(=O)c1ccc(Nc3ccc(F)cc3F)cc1CC2
AD3CC00194984-I00-C00	AD3CC00194984	0	0	101.7511684988352	LWIISLUWKVIQGN-UHFFFAOYSA-N	CCOC(=O)CNC(=O)c1ccc2c(c1)C(=O)c1ccc(Nc3ccc(F)cc3F)cc1CC2	CCOC(=O)CNC(=O)c1ccc2c(c1)C(=O)c1ccc(Nc3ccc(F)cc3F)cc1CC2
AD3CC00194988-I00-C00	AD3CC00194988	0	0	103.6619628681063	NNBDNXDPELULMX-UHFFFAOYSA-N	COC(=O)c1ccc2c(c1)C(=O)c1ccc(Nc3ccc(F)cc3F)cc1CC2	COC(=O)c1ccc2c(c1)C(=O)c1ccc(Nc3ccc(F)cc3F)cc1CC2
AD3CC00194992-I00-C00	AD3CC00194992	0	0	114.8578413602874	FJFRBMVKHFUJHL-UHFFFAOYSA-N	O=C(OCCO)c1ccc2c(c1)C(=O)c1ccc(Nc3ccc(F)cc3F)cc1CC2	O=C(OCCO)c1ccc2c(c1)C(=O)c1ccc(Nc3ccc(F)cc3F)cc1CC2
AD3CC00194993-I00-C00	AD3CC00194993	0	0	176.71878872320906	MMYSIIRSPASJEJ-UHFFFAOYSA-N	O=C(OCCN1CCOCC1)c1ccc2c(c1)C(=O)c1ccc(Nc3ccc(F)cc3F)cc1CC2	O=C(OCCN1CCOCC1)c1ccc2c(c1)C(=O)c1ccc(Nc3ccc(F)cc3F)cc1CC2
AD3CC00205852-I00-C00	AD3CC00205852	0	0	88.77697407261152	SATISEDUDGLGFE-UHFFFAOYSA-N	CC(C)(C)c1cc(NC(=O)Nc2ccc(Oc3ccnc(Nc4ccc5c(c4)N=C(O)C5)n3)c3ccccc23)n(-c2cccc(OCCN3CCOCC3)c2)n1	CC(C)(C)c1cc(NC(=O)Nc2ccc(Oc3ccnc(Nc4ccc5c(c4)N=C(O)C5)n3)c3ccccc23)n(-c2cccc(OCCN3CCOCC3)c2)n1
AD3CC00205867-I00-C00	AD3CC00205867	0	0	122.14285655637964	LUNIPUNUORVVSN-UHFFFAOYSA-N	CC(C)(C)c1cc(NC(=O)Nc2ccc(Oc3ccnc(Nc4ccc5c(c4)COC5)n3)c3ccccc23)n(-c2ccc(OCCN3CCOCC3)cc2)n1	CC(C)(C)c1cc(NC(=O)Nc2ccc(Oc3ccnc(Nc4ccc5c(c4)COC5)n3)c3ccccc23)n(-c2ccc(OCCN3CCOCC3)cc2)n1
AD3CC00205883-I00-C00	AD3CC00205883	0	0	103.77225185736556	SALBBGQOFCZHKF-UHFFFAOYSA-N	CC(C)(C)c1cc(NC(=O)Nc2ccc(Oc3ccnc(Nc4ccc5c(c4)N=C(O)C5(C)C)n3)c3ccccc23)n(-c2ccc(OCCN3CCOCC3)cc2)n1	CC(C)(C)c1cc(NC(=O)Nc2ccc(Oc3ccnc(Nc4ccc5c(c4)N=C(O)C5(C)C)n3)c3ccccc23)n(-c2ccc(OCCN3CCOCC3)cc2)n1
AD3CC00205945-I00-C00	AD3CC00205945	0	0	104.7856612748095	YIQDCOAZVWPXQA-UHFFFAOYSA-N	CC(C)(C)c1cc(NC(=O)Nc2ccc(Oc3ccnc(Nc4ccc5ncsc5c4)n3)c3ccccc23)n(-c2ccc(OCCN3CCOCC3)cc2)n1	CC(C)(C)c1cc(NC(=O)Nc2ccc(Oc3ccnc(Nc4ccc5ncsc5c4)n3)c3ccccc23)n(-c2ccc(OCCN3CCOCC3)cc2)n1
AD3CC00205978-I00-C00	AD3CC00205978	0	0	91.35381583589356	RPFSNCZTTYGYDI-UHFFFAOYSA-N	CC(C)(C)c1cc(NC(=O)Nc2ccc(Oc3ccnc(Nc4ccc5n[nH]cc5c4)n3)c3ccccc23)n(-c2ccc(=O)n(CCN3CCOCC3)c2)n1	CC(C)(C)c1cc(NC(=O)Nc2ccc(Oc3ccnc(Nc4ccc5n[nH]cc5c4)n3)c3ccccc23)n(-c2ccc(=O)n(CCN3CCOCC3)c2)n1
AD3CC00212220-I00-C00	AD3CC00212220	0	0	106.50090890767	HMSOXHQGIBFTQM-UHFFFAOYSA-N	Cc1cccc(-c2nn(CC(=S)Nc3cccc(C#N)c3)cc2-c2ccc3ncnn3c2)n1	Cc1cccc(-c2nn(CC(=S)Nc3cccc(C#N)c3)cc2-c2ccc3ncnn3c2)n1
AD3CC00240025-I00-C00	AD3CC00240025	0	0	40.06873676896839	ILBWXVMHRKTJCY-UHFFFAOYSA-N	Cc1ccc(-n2nc(C(C)(C)C)cc2NC(=O)Nc2ccc(Oc3ccnc(Nc4cccc5[nH]ncc45)n3)c3ccccc23)cc1	Cc1ccc(-n2nc(C(C)(C)C)cc2NC(=O)Nc2ccc(Oc3ccnc(Nc4cccc5[nH]ncc45)n3)c3ccccc23)cc1
AD3CC00245857-I00-C01	AD3CC00245857	0	1	60.6662678469522	FTODTSYAAMJVFE-UHFFFAOYSA-N	CCCc1c(C(=O)Nc2cc(C#N)ccc2C)cnn1-c1ccccc1	CCCc1c(C(=O)Nc2cc(C#N)ccc2C)cnn1-c1ccccc1
AD3CC00249651-I00-C00	AD3CC00249651	0	0	131.69979351487103	VCSYGZJLTSXJIR-USHMODERSA-N	COc1ccc(N2C(=O)/C(=C/c3ccc(OCC(=O)Nc4ccc(Cl)cc4)cc3)N=C2c2ccccc2)cc1	COc1ccc(N2C(=O)/C(=C/c3ccc(OCC(=O)Nc4ccc(Cl)cc4)cc3)N=C2c2ccccc2)cc1
AD3CC00252269-I00-C00	AD3CC00252269	0	0	71.3491008256011	AAXTYXQSGJCLLL-UHFFFAOYSA-N	Cc1ccc(F)c(-c2[nH]c(CNc3cccc(C#N)c3)nc2-c2ccc3ncnn3c2)n1	Cc1ccc(F)c(-c2[nH]c(CNc3cccc(C#N)c3)nc2-c2ccc3ncnn3c2)n1
AD3CC00252293-I00-C00	AD3CC00252293	0	0	56.95670186203687	RQENBOYWBCAECL-UHFFFAOYSA-N	C=Cc1cccc(NCc2nc(-c3ccc4ncnn4c3)c(-c3ccc(F)c(C)n3)[nH]2)c1	C=Cc1cccc(NCc2nc(-c3ccc4ncnn4c3)c(-c3ccc(F)c(C)n3)[nH]2)c1
AD3CC00255556-I00-C00	AD3CC00255556	0	0	114.3488807981882	AHJFDPDQMITANM-UHFFFAOYSA-N	COCC(=O)N(C)c1cc(COc2ccc(NC(=O)Nc3cc(C(C)(C)C)nn3-c3ccc(C)cc3)c3ccccc23)ccn1	COCC(=O)N(C)c1cc(COc2ccc(NC(=O)Nc3cc(C(C)(C)C)nn3-c3ccc(C)cc3)c3ccccc23)ccn1
AD3CC00256666-I00-C00	AD3CC00256666	0	0	11.321340528601276	YTNDIPNEFMPJKF-UHFFFAOYSA-N	NC(=O)c1nc(-c2ccns2)c2ccccn12	NC(=O)c1nc(-c2ccns2)c2ccccn12
AD3CC00268405-I00-C00	AD3CC00268405	0	0	112.21775151049953	MKJKFFODUSDVSK-UHFFFAOYSA-N	Cc1[nH]nc2cc(Nc3nccc(Oc4ccc(NC(=O)Nc5cc(C(C)(C)C)nn5-c5ccc(OCCN6CCOCC6)cc5)c5ccccc45)n3)ccc12	Cc1[nH]nc2cc(Nc3nccc(Oc4ccc(NC(=O)Nc5cc(C(C)(C)C)nn5-c5ccc(OCCN6CCOCC6)cc5)c5ccccc45)n3)ccc12
AD3CC00268620-I00-C00	AD3CC00268620	0	0	87.8082364469291	XIFFATZVUNRCKL-UHFFFAOYSA-N	Cc1cc(Nc2nccc(Oc3ccc(NC(=O)Nc4cc(C(C)(C)C)nn4-c4ccc(=O)n(CCN5CCOCC5)c4)c4ccccc34)n2)cc2c[nH]nc12	Cc1cc(Nc2nccc(Oc3ccc(NC(=O)Nc4cc(C(C)(C)C)nn4-c4ccc(=O)n(CCN5CCOCC5)c4)c4ccccc34)n2)cc2c[nH]nc12
AD3CC00279003-I00-C00	AD3CC00279003	0	0	-1.7796250493028136	XRMIXMGGCDFGRF-UHFFFAOYSA-N	Fc1ccc(Oc2nccc(-c3c(-c4ccc(F)cc4)ncn3C3CCNCC3)n2)cc1	Fc1ccc(Oc2nccc(-c3c(-c4ccc(F)cc4)ncn3C3CCNCC3)n2)cc1
AD3CC00284323-I00-C00	AD3CC00284323	0	0	34.0469107122219	KJQHSBCTSWILOS-UHFFFAOYSA-N	Cc1ccccc1-c1nc(N(C(N)=O)c2c(F)cccc2F)c2ncn(C)c2n1	Cc1ccccc1-c1nc(N(C(N)=O)c2c(F)cccc2F)c2ncn(C)c2n1
AD3CC00284789-I00-C00	AD3CC00284789	0	0	-42.02919582548265	SSYUQVBLVMOERU-UHFFFAOYSA-N	CCc1ccc(NC(=O)Nc2cc(C(C)(C)C)sc2C(=O)NC)cc1	CCc1ccc(NC(=O)Nc2cc(C(C)(C)C)sc2C(=O)NC)cc1
AD3CC00284934-I00-C00	AD3CC00284934	0	0	-2.7589258660135103	DKCJPCKZQBUQPV-UHFFFAOYSA-N	COCCOC(=O)c1sc(C(C)(C)C)cc1NC(=O)Nc1ccc(C)cc1	COCCOC(=O)c1sc(C(C)(C)C)cc1NC(=O)Nc1ccc(C)cc1
AD3CC00285273-I00-C00	AD3CC00285273	0	0	-24.941147904031304	FETIVRQJTSQCQU-UHFFFAOYSA-N	COC(=O)c1c(NC(=O)Nc2ccc(C)cc2)cc(C(C)(C)C)n1C	COC(=O)c1c(NC(=O)Nc2ccc(C)cc2)cc(C(C)(C)C)n1C
AD3CC00310690-I00-C00	AD3CC00310690	0	0	16.172907399728167	CYOCXZGBQXNENU-UHFFFAOYSA-N	CCCOc1ccc(Sc2ccc(NC(=O)Nc3cc(C(C)(C)C)nn3C)cc2)cc1	CCCOc1ccc(Sc2ccc(NC(=O)Nc3cc(C(C)(C)C)nn3C)cc2)cc1
AD3CC00310949-I00-C00	AD3CC00310949	0	0	-28.21257034925661	AMASUPSHOBDCLG-UHFFFAOYSA-N	CCOC(=O)Nc1ccc(Oc2ccc(NC(=O)Nc3cc(C(C)(C)C)nn3C)cc2)cc1	CCOC(=O)Nc1ccc(Oc2ccc(NC(=O)Nc3cc(C(C)(C)C)nn3C)cc2)cc1
AD3CC00340223-I00-C00	AD3CC00340223	0	0	92.22502824581429	XPJYLZFRUZFVNU-UHFFFAOYSA-N	CC(C)(C)c1cc(NC(=O)Nc2cccc(Cl)c2Cl)n(-c2ccc(S(C)(=O)=O)cc2)n1	CC(C)(C)c1cc(NC(=O)Nc2cccc(Cl)c2Cl)n(-c2ccc(S(C)(=O)=O)cc2)n1
AD3CC00340223-I00-C00	AD3CC00340223	0	0	92.22502824581429	XPJYLZFRUZFVNU-UHFFFAOYSA-N	CC(C)(C)c1cc(NC(=O)Nc2cccc(Cl)c2Cl)n(-c2ccc(S(C)(=O)=O)cc2)n1	CC(C)(C)c1cc(NC(=O)Nc2cccc(Cl)c2Cl)n(-c2ccc(S(C)(=O)=O)cc2)n1
AD3CC00340784-I00-C01	AD3CC00340784	0	1	68.50785585420624	MTDBGUSQNDHXBI-UHFFFAOYSA-N	COc1ccc(-n2nc(C(C)(C)C)cc2NC(=O)Nc2cccc(Cl)c2Cl)cc1	COc1ccc(-n2nc(C(C)(C)C)cc2NC(=O)Nc2cccc(Cl)c2Cl)cc1
AD3CC00340998-I00-C00	AD3CC00340998	0	0	-38.68266216805702	ZZOGFCMOZLMQMZ-UHFFFAOYSA-N	CC(C)(C)c1cc(NC(=O)Nc2ccc(Cl)cc2)on1	CC(C)(C)c1cc(NC(=O)Nc2ccc(Cl)cc2)on1
AD3CC00354003-I00-C00	AD3CC00354003	0	0	24.252187665964545	SDUWPCYMTHMQAZ-WGSAOQKQSA-N	Cn1ccc2ccc3c4[nH]c5c(CCCN[C@H]6CC[C@H](O)CC6)cccc5c4c4c(c3c21)C(=O)NC4=O	Cn1ccc2ccc3c4[nH]c5c(CCCN[C@H]6CC[C@H](O)CC6)cccc5c4c4c(c3c21)C(=O)NC4=O
AD3CC00356792-I00-C00	AD3CC00356792	0	0	72.46974964414063	BWORNNDZQGOKBY-UHFFFAOYSA-N	COc1cc(O)c2c(=O)c(O)c(-c3ccc(OC)c(O)c3)oc2c1	COc1cc(O)c2c(=O)c(O)c(-c3ccc(OC)c(O)c3)oc2c1
AD3CC00375362-I00-C00	AD3CC00375362	0	0	50.438853348616185	XMEBUFZUJWSUHD-UHFFFAOYSA-N	Fc1ccc(-c2cc(-c3ccc(Cl)cc3)oc2-c2ccncc2)cc1	Fc1ccc(-c2cc(-c3ccc(Cl)cc3)oc2-c2ccncc2)cc1
AD3CC00383967-I00-C00	AD3CC00383967	0	0	-92.96752805146252	SVRAGOOKTLUHES-UHFFFAOYSA-N	CN1CCC(n2cnc(-c3ccc(F)cc3)c2-c2ccnc(N)n2)CC1	CN1CCC(n2cnc(-c3ccc(F)cc3)c2-c2ccnc(N)n2)CC1
AD3CC00393133-I00-C01	AD3CC00393133	0	1	104.72732739678467	HDESVHGUWVZPSL-UHFFFAOYSA-N	COc1cc2[nH]ccc2cc1C(=O)N1CCN(Cc2ccccc2)CC1	COc1cc2[nH]ccc2cc1C(=O)N1CCN(Cc2ccccc2)CC1
AD3CC00393385-I00-C01	AD3CC00393385	0	1	95.23541447498532	YARBDUGVXZXLKZ-DLBZAZTESA-N	C[C@H]1CN(C(=O)c2ccc3[nH]ccc3c2)[C@H](C)CN1Cc1ccccc1	C[C@H]1CN(C(=O)c2ccc3[nH]ccc3c2)[C@H](C)CN1Cc1ccccc1
AD3CC00406477-I00-C00	AD3CC00406477	0	0	52.026213035464245	PDLOZSUJEHDJCF-UHFFFAOYSA-N	O=c1ncn2nc(Sc3cccc(Cl)c3)ccc2c1-c1c(Cl)cccc1Cl	O=c1ncn2nc(Sc3cccc(Cl)c3)ccc2c1-c1c(Cl)cccc1Cl
AD3CC00406848-I00-C00	AD3CC00406848	0	0	55.6836623761845	WYGPCAVWWUKTAF-UHFFFAOYSA-N	O=c1ncn2nc(Sc3ccccc3O)ccc2c1-c1c(Cl)cccc1Cl	O=c1ncn2nc(Sc3ccccc3O)ccc2c1-c1c(Cl)cccc1Cl
AD3CC00422588-I00-C00	AD3CC00422588	0	0	53.898875624224	IPYHSGOSLLXUJY-UHFFFAOYSA-N	c1csc(-c2n[nH]cc2-c2ccnc3ccccc23)c1	c1csc(-c2n[nH]cc2-c2ccnc3ccccc23)c1
AD3CC00422631-I00-C00	AD3CC00422631	0	0	40.879455781347694	DIDDNVPEZKJYOM-UHFFFAOYSA-N	Brc1cccc(-c2[nH]ncc2-c2ccnc3ccccc23)n1	Brc1cccc(-c2[nH]ncc2-c2ccnc3ccccc23)n1
AD3CC00423514-I00-C00	AD3CC00423514	0	0	36.65929589211237	HNCFDOXCWPGCQS-UHFFFAOYSA-N	O=C1NCc2nc(Sc3cccc(Cl)c3)ccc2N1c1c(Cl)cccc1Cl	O=C1NCc2nc(Sc3cccc(Cl)c3)ccc2N1c1c(Cl)cccc1Cl
AD3CC00423515-I00-C00	AD3CC00423515	0	0	57.10971562487011	PPOVYJFOYAQPQN-UHFFFAOYSA-N	O=C1NCc2nc(Sc3ccccc3C(F)(F)F)ccc2N1c1c(Cl)cccc1Cl	O=C1NCc2nc(Sc3ccccc3C(F)(F)F)ccc2N1c1c(Cl)cccc1Cl
AD3CC00423563-I00-C00	AD3CC00423563	0	0	52.94076297827727	VQKZUBKJYLJTPX-UHFFFAOYSA-N	Cc1cccc(C)c1Sc1ccc2c(n1)CNC(=O)N2c1c(Cl)cccc1Cl	Cc1cccc(C)c1Sc1ccc2c(n1)CNC(=O)N2c1c(Cl)cccc1Cl
AD3CC00423607-I00-C00	AD3CC00423607	0	0	44.77879266452169	NWCGTMMTILRVAV-UHFFFAOYSA-N	Nc1cc(F)ccc1Sc1ccc2c(n1)CNC(=O)N2c1c(Cl)cccc1Cl	Nc1cc(F)ccc1Sc1ccc2c(n1)CNC(=O)N2c1c(Cl)cccc1Cl
AD3CC00440629-I01-C00	AD3CC00440629	1	0	45.1946019333031	ASWWEASHSSNEMM-UHFFFAOYSA-N	C[S+]([O-])c1cccc(CSc2nc(-c3ccc(F)cc3)c(-c3ccncc3)[nH]2)c1	C[S@@+]([O-])c1cccc(CSc2nc(-c3ccc(F)cc3)c(-c3ccncc3)[nH]2)c1
AD3CC00452914-I00-C00	AD3CC00452914	0	0	81.52691580832568	XCTLHQGUEQKAQS-UHFFFAOYSA-N	O=C(c1ccccc1)c1ccc(Nc2ccccc2)cc1	O=C(c1ccccc1)c1ccc(Nc2ccccc2)cc1
AD3CC00453190-I00-C02	AD3CC00453190	0	2	96.15914378056436	ZTCSEBJFMIAPGW-UHFFFAOYSA-N	Cc1cc(C(=O)c2ccccc2C)ccc1Nc1ccccc1N	Cc1cc(C(=O)c2ccccc2C)ccc1Nc1ccccc1N
AD3CC00459933-I00-C00	AD3CC00459933	0	0	25.14557975363044	XPWZPRGVSSXETH-UHFFFAOYSA-N	Clc1ccc(-c2ccc(-c3ccncc3)[nH]2)cc1	Clc1ccc(-c2ccc(-c3ccncc3)[nH]2)cc1
AD3CC00460013-I00-C00	AD3CC00460013	0	0	26.7905621802281	WOTBMMLGQCLKIC-UHFFFAOYSA-N	CC(C)c1cc(-c2ccc(Cl)cc2)[nH]c1-c1ccncc1	CC(C)c1cc(-c2ccc(Cl)cc2)[nH]c1-c1ccncc1
AD3CC00460118-I00-C00	AD3CC00460118	0	0	29.85090861068623	RRGXAHXPWSPEEU-UHFFFAOYSA-N	Fc1ccc(-c2cc[nH]c2-c2ccncc2)cc1	Fc1ccc(-c2cc[nH]c2-c2ccncc2)cc1
AD3CC00460527-I00-C00	AD3CC00460527	0	0	43.40427938980936	XUJSRSRKGLTVPA-UHFFFAOYSA-N	Clc1ccc(-c2cc(-c3ccc(Cl)cc3)c(-c3ccncc3)[nH]2)cc1	Clc1ccc(-c2cc(-c3ccc(Cl)cc3)c(-c3ccncc3)[nH]2)cc1
AD3CC00476946-I00-C00	AD3CC00476946	0	0	6.716037072780791	FCMPDTKSOYPNKV-UHFFFAOYSA-N	Cc1cccc(-c2nc(C3CCNCC3)[nH]c2-c2ccc3c(c2)n(C)c(=O)n3C)c1	Cc1cccc(-c2nc(C3CCNCC3)[nH]c2-c2ccc3c(c2)n(C)c(=O)n3C)c1
AD3CC00477709-I00-C00	AD3CC00477709	0	0	22.59502293009903	YYRSAUUXOGSUEV-UHFFFAOYSA-N	CCn1c(=O)n(CC)c2cc(-c3c[nH]nc3-c3ccccc3)ccc21	CCn1c(=O)n(CC)c2cc(-c3c[nH]nc3-c3ccccc3)ccc21
AD3CC00477801-I00-C01	AD3CC00477801	0	1	14.374991761193888	AUGQGSISRRQFMR-UHFFFAOYSA-N	Cn1c(=O)n(C)c2cc(-c3[nH]cnc3-c3ccccc3)ccc21	Cn1c(=O)n(C)c2cc(-c3[nH]cnc3-c3ccccc3)ccc21
AD3CC00493924-I00-C00	AD3CC00493924	0	0	50.08719628724907	SXEOYPSKYYAKGF-UHFFFAOYSA-N	Fc1ccc(-c2c(-c3ccnc(Oc4ccccc4)n3)nn3c2OCCC3)cc1	Fc1ccc(-c2c(-c3ccnc(Oc4ccccc4)n3)nn3c2OCCC3)cc1
AD3CC00494274-I00-C01	AD3CC00494274	0	1	69.8132684140703	YASXCJCKSILTAJ-UHFFFAOYSA-N	COc1ccc(C(=O)Nc2cc(NC(=O)c3cccc(N(C)C)c3)ccc2C)cc1OC	COc1ccc(C(=O)Nc2cc(NC(=O)c3cccc(N(C)C)c3)ccc2C)cc1OC
AD3CC00494345-I00-C00	AD3CC00494345	0	0	45.32400840719885	YAYKCQATWACEFT-UHFFFAOYSA-N	COc1cc2ncnc(Nc3ccc(Cl)c(NC(=O)c4ccccc4)c3)c2cc1OC	COc1cc2ncnc(Nc3ccc(Cl)c(NC(=O)c4ccccc4)c3)c2cc1OC
AD3CC00494395-I00-C00	AD3CC00494395	0	0	74.42699723105487	TZCUPVNLMLAFNI-UHFFFAOYSA-N	COc1ccc(C(=O)Nc2cc(NC(=O)c3cccc(N(C)C)c3)ccc2Cl)cc1OC	COc1ccc(C(=O)Nc2cc(NC(=O)c3cccc(N(C)C)c3)ccc2Cl)cc1OC
AD3CC00494400-I00-C00	AD3CC00494400	0	0	-22.635891529417123	JPFWBEDEFYHDAB-UHFFFAOYSA-N	Cc1ccc(NC(=O)c2ccnc(N3CCOCC3)c2)cc1Nc1ccnc(OCCCN(C)C)n1	Cc1ccc(NC(=O)c2ccnc(N3CCOCC3)c2)cc1Nc1ccnc(OCCCN(C)C)n1
AD3CC00505264-I00-C00	AD3CC00505264	0	0	32.11925127552181	ZRLDCXUFIUANDX-UHFFFAOYSA-N	Oc1onc(-c2ccncc2)c1-c1ccc(F)cc1	Oc1onc(-c2ccncc2)c1-c1ccc(F)cc1
AD3CC00506992-I00-C00	AD3CC00506992	0	0	40.788088388802855	NKWYMYOCYVDEFC-UHFFFAOYSA-N	Fc1ccc(-c2ncoc2-c2ccncc2)cc1	Fc1ccc(-c2ncoc2-c2ccncc2)cc1
AD3CC00507236-I00-C00	AD3CC00507236	0	0	17.85424140290905	BGPZLFWCEXPQPC-UHFFFAOYSA-N	CCc1nc(-c2cccc(Cl)c2)c(-c2ccnc(NC(=O)c3ccccc3)c2)s1	CCc1nc(-c2cccc(Cl)c2)c(-c2ccnc(NC(=O)c3ccccc3)c2)s1
AD3CC00508157-I00-C00	AD3CC00508157	0	0	-37.77729249674707	HYYRJELYMNIRGB-JOCHJYFZSA-N	CCCNc1nccc(-c2c(-c3ccc(F)cc3)nc3n2[C@@H](COCc2ccc(OC)cc2)CC3)n1	CCCNc1nccc(-c2c(-c3ccc(F)cc3)nc3n2[C@@H](COCc2ccc(OC)cc2)CC3)n1
AD3CC00509843-I00-C03	AD3CC00509843	0	3	-90.03542761825294	IKZCRAVCBZNFGI-UHFFFAOYSA-N	O=S(=O)(Nc1cccc(Oc2ccccc2)c1)N1CCC(NCc2cccc3ccccc23)CC1	O=S(=O)(Nc1cccc(Oc2ccccc2)c1)N1CCC(NCc2cccc3ccccc23)CC1
AD3CC00509933-I00-C01	AD3CC00509933	0	1	-106.9560803951087	BROPCELRIQFXIM-UHFFFAOYSA-N	O=S(=O)(Nc1cccc(Oc2ccccc2Cl)c1)N1CCC(NCc2ccccc2O)CC1	O=S(=O)(Nc1cccc(Oc2ccccc2Cl)c1)N1CCC(NCc2ccccc2O)CC1
AD3CC00515494-I00-C00	AD3CC00515494	0	0	123.863241703617	TZZOGRXWJWQZMR-UHFFFAOYSA-N	Nc1c(C(=O)c2ccccc2)cnn1-c1ccccc1F	Nc1c(C(=O)c2ccccc2)cnn1-c1ccccc1F
AD3CC00515527-I00-C00	AD3CC00515527	0	0	142.94661818278956	PGYCOFUREUQZPC-UHFFFAOYSA-N	NCCc1cccc(C(=O)c2cnn(-c3ccc(F)cc3)c2N)c1	NCCc1cccc(C(=O)c2cnn(-c3ccc(F)cc3)c2N)c1
AD3CC00515559-I00-C01	AD3CC00515559	0	1	161.4137078483975	IJDQETGUEUJVTB-OAHLLOKOSA-N	Nc1c(C(=O)c2cccc(OC[C@H](O)CO)c2)cnn1-c1ccc(F)cc1	Nc1c(C(=O)c2cccc(OC[C@H](O)CO)c2)cnn1-c1ccc(F)cc1
AD3CC00515569-I00-C00	AD3CC00515569	0	0	148.32396144587116	DKDBPXXMGPNROW-UHFFFAOYSA-N	Nc1c(C(=O)c2cccc(OCCN3CCCCC3)c2)cnn1-c1ccc(F)cc1	Nc1c(C(=O)c2cccc(OCCN3CCCCC3)c2)cnn1-c1ccc(F)cc1
AD3CC00515695-I00-C00	AD3CC00515695	0	0	134.31796009684	YMGWYPXWGVJIAJ-UHFFFAOYSA-N	Nc1c(C(=O)c2ccccc2)cnn1-c1ccccc1	Nc1c(C(=O)c2ccccc2)cnn1-c1ccccc1
AD3CC00515724-I00-C01	AD3CC00515724	0	1	124.17965141617246	NZWFFENQMLVUIB-UHFFFAOYSA-N	Nc1c(C(=O)c2cccc(-c3ccncc3)c2)cnn1-c1ccc(F)cc1F	Nc1c(C(=O)c2cccc(-c3ccncc3)c2)cnn1-c1ccc(F)cc1F
AD3CC00522637-I00-C00	AD3CC00522637	0	0	-135.14799166390856	LYDKINSKQMJSNH-UHFFFAOYSA-N	CCOC(=O)N1CCC(Nc2nccc(N(C(=O)Nc3ccccc3Cl)c3ccc(F)cc3)n2)CC1	CCOC(=O)N1CCC(Nc2nccc(N(C(=O)Nc3ccccc3Cl)c3ccc(F)cc3)n2)CC1
AD3CC00522638-I00-C01	AD3CC00522638	0	1	-139.8769080449018	YQCJIYCSEKMOQS-UHFFFAOYSA-N	CCCS(=O)(=O)N1CCC(Nc2nccc(N(C(=O)Nc3ccccc3Cl)c3ccc(F)cc3)n2)CC1	CCCS(=O)(=O)N1CCC(Nc2nccc(N(C(=O)Nc3ccccc3Cl)c3ccc(F)cc3)n2)CC1
AD3CC00522647-I00-C03	AD3CC00522647	0	3	-63.9004930546674	JEEUYOFAAMGLCC-NRFANRHFSA-N	Cc1ccccc1NC(=O)N(c1ccc(N(C)C)cc1)c1ccnc(N[C@@H](C)c2ccccc2)n1	Cc1ccccc1NC(=O)N(c1ccc(N(C)C)cc1)c1ccnc(N[C@@H](C)c2ccccc2)n1
AD3CC00522975-I00-C02	AD3CC00522975	0	2	-9.825566666760407	BNIZDDCBVSWRCT-UHFFFAOYSA-N	O=C(Nc1ccccc1Cl)N(c1ccc(F)cc1)c1ccnc(N2CCOCC2)n1	O=C(Nc1ccccc1Cl)N(c1ccc(F)cc1)c1ccnc(N2CCOCC2)n1
AD3CC00525804-I00-C00	AD3CC00525804	0	0	56.04058108737856	GIRBCCRJPRLVEE-UHFFFAOYSA-N	FC(F)c1nnc2ccc(-c3ocnc3-c3ccccc3)cn12	FC(F)c1nnc2ccc(-c3ocnc3-c3ccccc3)cn12
AD3CC00525981-I00-C01	AD3CC00525981	0	1	57.64837683133364	AVYLKDHIHFEVPA-UHFFFAOYSA-N	CC(C)c1nnc2ccc(-c3ocnc3-c3ccc(Cl)c(F)c3)cn12	CC(C)c1nnc2ccc(-c3ocnc3-c3ccc(Cl)c(F)c3)cn12
AD3CC00534012-I00-C00	AD3CC00534012	0	0	96.2585495636269	APBVMOUFGHLMMC-UHFFFAOYSA-N	NCCCN(c1ccc(=O)n(-c2ccccc2Cl)n1)c1ccccc1Cl	NCCCN(c1ccc(=O)n(-c2ccccc2Cl)n1)c1ccccc1Cl
AD3CC00537299-I00-C00	AD3CC00537299	0	0	-198.85476620225825	QDFQCKGBSLYECL-OZBJMMHXSA-N	Cc1ccc(C(N)=O)cc1Nc1nc(N[C@H]2CCNC2)nc(N(C)CC(C)c2ccccc2)n1	Cc1ccc(C(N)=O)cc1Nc1nc(N[C@H]2CCNC2)nc(N(C)C[C@@H](C)c2ccccc2)n1
AD3CC00537334-I00-C00	AD3CC00537334	0	0	-201.8483675778924	RQIYUPMFDCVNSI-QFIPXVFZSA-N	Cc1ccc(C(=O)NCc2ccccc2)cc1Nc1nc(N[C@H]2CCNC2)nc(N(C)CC(C)(C)C)n1	Cc1ccc(C(=O)NCc2ccccc2)cc1Nc1nc(N[C@H]2CCNC2)nc(N(C)CC(C)(C)C)n1
AD3CC00537370-I00-C00	AD3CC00537370	0	0	-114.01203669688188	NEWYDBNQBPEMGO-UHFFFAOYSA-N	CONC(=O)c1ccc(C)c(Nc2nc(N(C)CC(C)(C)C)nc(N3CCN(C)CC3)n2)c1	CONC(=O)c1ccc(C)c(Nc2nc(N(C)CC(C)(C)C)nc(N3CCN(C)CC3)n2)c1
AD3CC00537411-I01-C01	AD3CC00537411	1	1	9.40205010096763	VDBUJLOWEAMLSC-UHFFFAOYSA-N	COCCn1c(SCc2ccc([S+](C)[O-])cc2)nc(-c2ccc(F)cc2)c1-c1ccnc(NC(C)=O)c1	COCCn1c(SCc2ccc([S@@+](C)[O-])cc2)nc(-c2ccc(F)cc2)c1-c1ccnc(NC(C)=O)c1
AD3CC00537419-I01-C02	AD3CC00537419	1	2	26.4860102503558	WHQIEESVZMAZJD-UHFFFAOYSA-N	CC(=O)Nc1cc(-c2c(-c3ccc(F)cc3)nc(SCc3ccc([S+](C)[O-])cc3)n2CCOCCO)ccn1	CC(=O)Nc1cc(-c2c(-c3ccc(F)cc3)nc(SCc3ccc([S@@+](C)[O-])cc3)n2CCOCCO)ccn1
AD3CC00537491-I00-C00	AD3CC00537491	0	0	-19.64042484280976	DDCVPVUVXRCDOD-UHFFFAOYSA-N	CSc1nc(-c2ccc(F)cc2)c(-c2ccnc(NC(C)=O)c2)n1CCN1CCCCC1	CSc1nc(-c2ccc(F)cc2)c(-c2ccnc(NC(C)=O)c2)n1CCN1CCCCC1
AD3CC00547235-I00-C00	AD3CC00547235	0	0	72.65503892168823	TXHYHAANWSNBCR-UHFFFAOYSA-N	COc1nc2[nH]ccc2cc1C(=O)N1CCc2c(cnn2-c2ccccc2Cl)C1	COc1nc2[nH]ccc2cc1C(=O)N1CCc2c(cnn2-c2ccccc2Cl)C1
AD3CC00547262-I00-C00	AD3CC00547262	0	0	138.47765528307696	CTTUJGJIKMIXEI-UHFFFAOYSA-N	CN(C)C(=O)C(=O)c1c[nH]c2ccc(C(=O)N3CCc4c(cnn4-c4ccccc4Cl)C3)cc12	CN(C)C(=O)C(=O)c1c[nH]c2ccc(C(=O)N3CCc4c(cnn4-c4ccccc4Cl)C3)cc12
AD3CC00548214-I00-C00	AD3CC00548214	0	0	-12.599924524034057	SZLHGIFFNVWTKB-UHFFFAOYSA-N	COc1c(NC(=O)Nc2cccc3ccccc23)cc(C(C)(C)C)cc1NS(C)(=O)=O	COc1c(NC(=O)Nc2cccc3ccccc23)cc(C(C)(C)C)cc1NS(C)(=O)=O
AD3CC00554853-I00-C00	AD3CC00554853	0	0	-44.0374324362844	OLXKHUCPMYCFSB-UHFFFAOYSA-N	N#Cc1c(NC(=O)NC2CCCC2)sc2c1CCCC2	N#Cc1c(NC(=O)NC2CCCC2)sc2c1CCCC2
AD3CC00554854-I00-C00	AD3CC00554854	0	0	-3.484801333730688	WZBDFWIGCTVBBW-UHFFFAOYSA-N	Cc1cccc(S(=O)(=O)Nc2sc3c(c2C#N)CCCC3)c1	Cc1cccc(S(=O)(=O)Nc2sc3c(c2C#N)CCCC3)c1
AD3CC00554858-I00-C00	AD3CC00554858	0	0	68.40700656961033	KTBZRPANEUUZDW-UHFFFAOYSA-N	N#Cc1c(NC(=O)c2cccc3ccccc23)sc2c1CCCN2C(=O)C1CC1	N#Cc1c(NC(=O)c2cccc3ccccc23)sc2c1CCCN2C(=O)C1CC1
AD3CC00571275-I00-C00	AD3CC00571275	0	0	-17.36750292692877	IFMXZCSMAMPKIW-UHFFFAOYSA-N	COC(=O)c1cn2ncnc(-c3c(O)[nH]c4cc(Br)ccc34)c2c1C	COC(=O)c1cn2ncnc(-c3c(O)[nH]c4cc(Br)ccc34)c2c1C
AD3CC00571278-I00-C00	AD3CC00571278	0	0	-64.61717857676838	ZDGDOXAQILZWIJ-UHFFFAOYSA-N	COC(=O)c1cn2ncnc(Nc3cc(C(N)=O)ccc3C)c2c1C	COC(=O)c1cn2ncnc(Nc3cc(C(N)=O)ccc3C)c2c1C
AD3CC00571286-I00-C00	AD3CC00571286	0	0	-34.40629413925066	STNJCYKOXYBBIA-QGZVFWFLSA-N	CONC(=O)c1ccc(C)c(Nc2ncnn3cc(C(=O)N[C@H](C)c4ccccc4)c(C)c23)c1	CONC(=O)c1ccc(C)c(Nc2ncnn3cc(C(=O)N[C@H](C)c4ccccc4)c(C)c23)c1
AD3CC00571286-I00-C00	AD3CC00571286	0	0	-34.40629413925066	STNJCYKOXYBBIA-QGZVFWFLSA-N	CONC(=O)c1ccc(C)c(Nc2ncnn3cc(C(=O)N[C@H](C)c4ccccc4)c(C)c23)c1	CONC(=O)c1ccc(C)c(Nc2ncnn3cc(C(=O)N[C@H](C)c4ccccc4)c(C)c23)c1
AD3CC00571317-I00-C00	AD3CC00571317	0	0	-128.54742247935934	NGMYPHYSONFTNF-UHFFFAOYSA-N	CCCNC(=O)c1cn2ncnc(Nc3cc(NC(=O)OC(C)C)ccc3C)c2c1C	CCCNC(=O)c1cn2ncnc(Nc3cc(NC(=O)OC(C)C)ccc3C)c2c1C
AD3CC00571327-I00-C00	AD3CC00571327	0	0	-95.14652594052964	IDBLKBSMZHHLGT-UHFFFAOYSA-N	CCCNC(=O)c1cn2ncnc(Nc3cc(NC(C)=O)ccc3C)c2c1C	CCCNC(=O)c1cn2ncnc(Nc3cc(NC(C)=O)ccc3C)c2c1C
AD3CC00574893-I00-C01	AD3CC00574893	0	1	59.405383507898925	MGQQSPMZALACBL-UHFFFAOYSA-N	Cc1ccccc1-c1c(-c2ccncc2)c2ccccc2[nH]c1=O	Cc1ccccc1-c1c(-c2ccncc2)c2ccccc2[nH]c1=O
AD3CC00575423-I00-C00	AD3CC00575423	0	0	-43.81896322737718	NUOOEHBAGRZEFP-UHFFFAOYSA-N	CCNC(=O)c1ccc(C)c(NC(=O)c2sc(NCC)nc2C)c1	CCNC(=O)c1ccc(C)c(NC(=O)c2sc(NCC)nc2C)c1
AD3CC00577771-I00-C00	AD3CC00577771	0	0	9.225410853098634	RGIUJLBCWXOSRA-UHFFFAOYSA-N	CCNC(=O)c1cn2ncnc(Nc3cc(NC(=O)c4cccc(N5CCN(C)CC5)c4)ccc3C)c2c1C	CCNC(=O)c1cn2ncnc(Nc3cc(NC(=O)c4cccc(N5CCN(C)CC5)c4)ccc3C)c2c1C
AD3CC00578938-I00-C00	AD3CC00578938	0	0	59.86500531660558	PPDFJNPPTUMEPV-UHFFFAOYSA-N	CC(=O)n1oc(=O)c(-c2ccc(F)cc2)c1-c1ccncc1	CC(=O)n1oc(=O)c(-c2ccc(F)cc2)c1-c1ccncc1
AD3CC00580648-I00-C02	AD3CC00580648	0	2	85.15201069696002	AMNOMUYOEKCNPJ-UHFFFAOYSA-N	COC(=O)c1c(-c2ccccc2)c2cc(Br)ccc2c(=O)n1Cc1ccccc1	COC(=O)c1c(-c2ccccc2)c2cc(Br)ccc2c(=O)n1Cc1ccccc1
AD3CC00580702-I00-C00	AD3CC00580702	0	0	57.26555942540112	RNYKZORPQQHVQC-UHFFFAOYSA-N	O=C(O)c1c(-c2ccccc2)c2cc(Br)ccc2c(=O)n1CC1CCCCC1	O=C(O)c1c(-c2ccccc2)c2cc(Br)ccc2c(=O)n1CC1CCCCC1
AD3CC00580727-I00-C00	AD3CC00580727	0	0	71.78151756571162	IEFDZKYOMOFCSV-UHFFFAOYSA-N	O=c1c2ccc(Br)cc2c(-c2ccccc2)c(CO)n1CC1CCCCC1	O=c1c2ccc(Br)cc2c(-c2ccccc2)c(CO)n1CC1CCCCC1
AD3CC00585146-I00-C00	AD3CC00585146	0	0	70.25588760788023	MRTDMTBQTBCJDJ-UHFFFAOYSA-N	CC(C)S(=O)(=O)n1c(N)nc2ccc(-c3[nH]c(-c4ccc(Cl)cc4)nc3-c3ccccc3)cc21	CC(C)S(=O)(=O)n1c(N)nc2ccc(-c3[nH]c(-c4ccc(Cl)cc4)nc3-c3ccccc3)cc21
AD3CC00585210-I00-C00	AD3CC00585210	0	0	47.89618281010318	GUBQMVZGYLUUSM-UHFFFAOYSA-N	Cc1ccc(-c2ncc[nH]2)cc1-c1ccc(C(=O)NCC2CC2)cc1	Cc1ccc(-c2ncc[nH]2)cc1-c1ccc(C(=O)NCC2CC2)cc1
AD3CC00585237-I00-C00	AD3CC00585237	0	0	56.16174189443995	BHUPGRGYQVYNBJ-UHFFFAOYSA-N	CCCc1nnc(-c2ccc(C)c(-c3ccc(C(=O)NCC4CC4)cc3)c2)o1	CCCc1nnc(-c2ccc(C)c(-c3ccc(C(=O)NCC4CC4)cc3)c2)o1
AD3CC00585270-I00-C00	AD3CC00585270	0	0	61.74810806173611	AOBVNVRAFXWMAQ-UHFFFAOYSA-N	Cc1nnc(-c2ccc(C)c(-c3ccc(C(=O)N4CCCCC4)cc3)c2)o1	Cc1nnc(-c2ccc(C)c(-c3ccc(C(=O)N4CCCCC4)cc3)c2)o1
AD3CC00585365-I00-C00	AD3CC00585365	0	0	7.199865931802824	CFEHGVYGSPBBGT-UHFFFAOYSA-N	Cc1nnc(-c2ccc(C)c(-c3ccc(C(=O)NCc4ccc(NS(C)(=O)=O)cc4)cc3)c2)o1	Cc1nnc(-c2ccc(C)c(-c3ccc(C(=O)NCc4ccc(NS(C)(=O)=O)cc4)cc3)c2)o1
AD3CC00585426-I00-C00	AD3CC00585426	0	0	152.18358198704587	MKSXAEYEPZJNDW-UHFFFAOYSA-N	Cc1nnc(-c2ccc(C)c(-c3ccc(C(=O)Nc4cccc(N5CCN(C)CC5)c4)cc3)c2)o1	Cc1nnc(-c2ccc(C)c(-c3ccc(C(=O)Nc4cccc(N5CCN(C)CC5)c4)cc3)c2)o1
AD3CC00588110-I00-C00	AD3CC00588110	0	0	45.050713191302286	ROCUOVBWAWAQFD-UHFFFAOYSA-N	COc1cc(O)c2c(=O)cc(-c3ccc(O)c(OC)c3)oc2c1	COc1cc(O)c2c(=O)cc(-c3ccc(O)c(OC)c3)oc2c1
AD3CC00600721-I00-C00	AD3CC00600721	0	0	74.81860656982509	IVNNWHBPHXCJMH-UHFFFAOYSA-N	Nc1ccccc1Nc1ccc2c(=O)c3cccnc3ccc2c1	Nc1ccccc1Nc1ccc2c(=O)c3cccnc3ccc2c1
AD3CC00608220-I00-C01	AD3CC00608220	0	1	4.969196870498196	VHRJFSSFOYNUHL-UHFFFAOYSA-N	CSc1nc(-c2ccc(F)cc2)c(-c2ccnc(NCc3ccc(C(C)(C)C)cc3)c2)[nH]1	CSc1nc(-c2ccc(F)cc2)c(-c2ccnc(NCc3ccc(C(C)(C)C)cc3)c2)[nH]1
AD3CC00608237-I01-C00	AD3CC00608237	1	0	15.239681411557452	UVFAVFCHWWKWNA-UHFFFAOYSA-N	CSc1nc(-c2cccc(C(F)(F)F)c2)c(-c2ccnc(NC(C)c3ccccc3)c2)[nH]1	CSc1nc(-c2cccc(C(F)(F)F)c2)c(-c2ccnc(N[C@H](C)c3ccccc3)c2)[nH]1
AD3CC00608240-I00-C01	AD3CC00608240	0	1	2.104912407813729	AYBVIYITZRMSPJ-UHFFFAOYSA-N	CSc1nc(-c2cccc(C(F)(F)F)c2)c(-c2ccnc(NC(C)C(C)C)c2)[nH]1	CSc1nc(-c2cccc(C(F)(F)F)c2)c(-c2ccnc(N[C@@H](C)C(C)C)c2)[nH]1
AD3CC00608241-I00-C00	AD3CC00608241	0	0	-5.605703252801408	DBHKCDGUVYYIBZ-UHFFFAOYSA-N	CSc1nc(-c2cccc(C(F)(F)F)c2)c(-c2ccnc(NCCCO)c2)[nH]1	CSc1nc(-c2cccc(C(F)(F)F)c2)c(-c2ccnc(NCCCO)c2)[nH]1
AD3CC00608249-I00-C00	AD3CC00608249	0	0	25.31111889809973	OCMPQLHIFUTCQA-UHFFFAOYSA-N	CSc1nc(-c2ccc(F)cc2)c(-c2ccnc(OC(C)c3ccccc3)c2)[nH]1	CSc1nc(-c2ccc(F)cc2)c(-c2ccnc(O[C@@H](C)c3ccccc3)c2)[nH]1
AD3CC00608298-I00-C02	AD3CC00608298	0	2	-21.07258085416543	CWKBMMKCFAOXDL-HNNXBMFYSA-N	CSc1nc(-c2ccc(F)cc2)c(-c2ccnc(N[C@@H](C)C3CCCCC3)c2)[nH]1	CSc1nc(-c2ccc(F)cc2)c(-c2ccnc(N[C@@H](C)C3CCCCC3)c2)[nH]1
AD3CC00608313-I00-C00	AD3CC00608313	0	0	8.160191160211477	QTZXGNPKDGLIOA-UHFFFAOYSA-N	COCCn1c(SC)nc(-c2ccc(F)cc2)c1-c1ccnc(NC(C)CO)c1	COCCn1c(SC)nc(-c2ccc(F)cc2)c1-c1ccnc(N[C@@H](C)CO)c1
AD3CC00608416-I00-C00	AD3CC00608416	0	0	13.73005878553483	YXTDTSXIGHDYQH-UHFFFAOYSA-N	COc1nccc(-c2c(-c3ccc(F)cc3)ncn2Cc2ccc(C#N)cc2)n1	COc1nccc(-c2c(-c3ccc(F)cc3)ncn2Cc2ccc(C#N)cc2)n1
AD3CC00608456-I00-C01	AD3CC00608456	0	1	-50.393182329796815	OBKVKNYLHZJZPY-IBGZPJMESA-N	C[C@H](Nc1nccc(-c2c(-c3ccc(F)cc3)ncn2Cc2cccc(C(N)=O)c2)n1)c1ccccc1	C[C@H](Nc1nccc(-c2c(-c3ccc(F)cc3)ncn2Cc2cccc(C(N)=O)c2)n1)c1ccccc1
AD3CC00608457-I00-C00	AD3CC00608457	0	0	-14.972461707782976	XMMBXIRLZKDILC-UHFFFAOYSA-N	COc1nccc(-c2c(-c3ccc(F)cc3)ncn2Cc2cccc(C(N)=O)c2)n1	COc1nccc(-c2c(-c3ccc(F)cc3)ncn2Cc2cccc(C(N)=O)c2)n1
AD3CC00608500-I00-C00	AD3CC00608500	0	0	-11.666040259141797	YYGCPDRAFVGGAS-UHFFFAOYSA-N	COc1nccc(-c2c(-c3ccc(F)cc3)ncn2Cc2ccc(C(N)=O)cc2)n1	COc1nccc(-c2c(-c3ccc(F)cc3)ncn2Cc2ccc(C(N)=O)cc2)n1
AD3CC00608998-I00-C00	AD3CC00608998	0	0	54.89692395382728	UDOSTEVZSCPYSK-UHFFFAOYSA-N	Fc1cc(-c2[nH]c(SCc3ccccc3)nc2-c2cccc(C(F)(F)F)c2)ccn1	Fc1cc(-c2[nH]c(SCc3ccccc3)nc2-c2cccc(C(F)(F)F)c2)ccn1
AD3CC00609034-I00-C00	AD3CC00609034	0	0	0.5417630139157967	NCHNRPIZKHSQIT-FQEVSTJZSA-N	C[C@H](Nc1nccc(-c2ncn(Cc3ccc(C#N)cc3)c2-c2ccc(F)cc2)n1)c1ccccc1	C[C@H](Nc1nccc(-c2ncn(Cc3ccc(C#N)cc3)c2-c2ccc(F)cc2)n1)c1ccccc1
AD3CC00609147-I00-C00	AD3CC00609147	0	0	128.5126938832832	KNLFQURAVAITLS-UHFFFAOYSA-N	O=C(NC1CC1)c1cccc(-c2ccc3c(N4CCOCC4)nncc3c2)c1	O=C(NC1CC1)c1cccc(-c2ccc3c(N4CCOCC4)nncc3c2)c1
AD3CC00610536-I00-C00	AD3CC00610536	0	0	42.85346345375368	VWELCPLMPPEKOL-UHFFFAOYSA-N	Cc1cc(C2CCN(CCCF)CC2)cc2[nH]c(-c3c(NCCn4cc(Cl)cn4)cc[nH]c3=O)nc12	Cc1cc(C2CCN(CCCF)CC2)cc2[nH]c(-c3c(NCCn4cc(Cl)cn4)cc[nH]c3=O)nc12
AD3CC00610551-I01-C00	AD3CC00610551	1	0	39.271664487741226	UTEZNVYPAVDFAZ-UHFFFAOYSA-N	OCC(O)CSc1nc(-c2ccc(F)cc2)c(-c2ccncc2)[nH]1	OC[C@H](O)CSc1nc(-c2ccc(F)cc2)c(-c2ccncc2)[nH]1
AD3CC00610610-I00-C00	AD3CC00610610	0	0	21.085305444456303	XNQFDKTUCSPVLT-UHFFFAOYSA-N	COC(=O)CSc1nc(-c2ccc(F)cc2)c(-c2ccncc2)[nH]1	COC(=O)CSc1nc(-c2ccc(F)cc2)c(-c2ccncc2)[nH]1
AD3CC00614456-I00-C00	AD3CC00614456	0	0	34.4829870830583	SOYRTOOOBWIXML-UHFFFAOYSA-N	Fc1ccc(-c2occc2-c2ccncc2)cc1	Fc1ccc(-c2occc2-c2ccncc2)cc1
AD3CC00617964-I00-C03	AD3CC00617964	0	3	147.18559407662082	WSGJNLVHAHAWQS-CYBMUJFWSA-N	C[C@@H](Nc1c(Nc2ccnc(-c3ccco3)c2)c(=O)c1=O)c1ccccc1	C[C@@H](Nc1c(Nc2ccnc(-c3ccco3)c2)c(=O)c1=O)c1ccccc1
AD3CC00624651-I00-C00	AD3CC00624651	0	0	40.273311249571705	NWZJBVCVSXFQRM-UHFFFAOYSA-N	Cc1ccc(C(=O)NC2CCCC2)cc1-c1ccc(C(=O)NCC2CC2)cc1	Cc1ccc(C(=O)NC2CCCC2)cc1-c1ccc(C(=O)NCC2CC2)cc1
AD3CC00624654-I00-C00	AD3CC00624654	0	0	49.489821953188375	RPNGVORGBYYVHT-UHFFFAOYSA-N	Cc1ccc(C(=O)NC2CCC2)cc1-c1ccc(C(=O)NCC2CC2)cc1	Cc1ccc(C(=O)NC2CCC2)cc1-c1ccc(C(=O)NCC2CC2)cc1
AD3CC00643973-I00-C00	AD3CC00643973	0	0	237.0989885100724	AEYOFSDOUDWPBA-GXVXDJONSA-N	Cc1cccc(-n2nc(C(C)(C)C)cc2/C(=N/O)C(=O)Nc2ccc(OCCN3CCOCC3)c3ccccc23)c1	Cc1cccc(-n2nc(C(C)(C)C)cc2/C(=N/O)C(=O)Nc2ccc(OCCN3CCOCC3)c3ccccc23)c1
AD3CC00645650-I00-C00	AD3CC00645650	0	0	55.17940307051956	BUAIGJRXIAKFCN-UHFFFAOYSA-N	Fc1ccc(-c2nn3ccccc3c2-c2ccncc2)cc1	Fc1ccc(-c2nn3ccccc3c2-c2ccncc2)cc1
AD3CC00645775-I00-C00	AD3CC00645775	0	0	76.52752496334153	DFHONGUGPWFSRD-UHFFFAOYSA-N	Fc1ccc(-c2nn3c(Cl)cccc3c2-c2ccncc2)cc1	Fc1ccc(-c2nn3c(Cl)cccc3c2-c2ccncc2)cc1
AD3CC00645776-I00-C00	AD3CC00645776	0	0	94.2628425866014	MNPBHRLZOFHULS-UHFFFAOYSA-N	Fc1ccc(-c2nn3c(OC4CCCC4)cccc3c2-c2ccncc2)cc1	Fc1ccc(-c2nn3c(OC4CCCC4)cccc3c2-c2ccncc2)cc1
AD3CC00682295-I00-C00	AD3CC00682295	0	0	123.9079053716312	QIKZDCMHJLQSAT-UHFFFAOYSA-N	Nc1c(C(=O)c2ccccc2)cc[n+]([O-])c1-c1ccccc1Cl	Nc1c(C(=O)c2ccccc2)cc[n+]([O-])c1-c1ccccc1Cl
AD3CC00688021-I00-C00	AD3CC00688021	0	0	125.84429124570237	GXTJOHAISBVKCF-UHFFFAOYSA-N	Nc1c(C(=O)c2ccccc2)cc[n+]([O-])c1-c1ccc(Cl)cc1	Nc1c(C(=O)c2ccccc2)cc[n+]([O-])c1-c1ccc(Cl)cc1
AD3CC00699516-I00-C00	AD3CC00699516	0	0	21.837104814737472	OTFRCXFNVJKZID-UHFFFAOYSA-N	Cc1ccc(-n2nc(C(C)(C)C)cc2NC(=O)Nc2ccc(Nc3ncnc4ccc(N)cc34)cc2)cc1	Cc1ccc(-n2nc(C(C)(C)C)cc2NC(=O)Nc2ccc(Nc3ncnc4ccc(N)cc34)cc2)cc1
AD3CC00702095-I00-C00	AD3CC00702095	0	0	31.209882716043527	GAMWRQZPJNPVPI-UHFFFAOYSA-N	CCC(C)Nc1cc(-c2nc3cc(C)c(C)cc3nc2-c2ccc(F)cc2)ccn1	CC[C@@H](C)Nc1cc(-c2nc3cc(C)c(C)cc3nc2-c2ccc(F)cc2)ccn1
AD3CC00702116-I00-C01	AD3CC00702116	0	1	71.01716809765644	YBHHLYSIOSEZEX-UHFFFAOYSA-N	CC(C)Nc1cc(-c2nc3cc(Cl)c(Cl)cc3nc2-c2ccc(F)cc2)ccn1	CC(C)Nc1cc(-c2nc3cc(Cl)c(Cl)cc3nc2-c2ccc(F)cc2)ccn1
AD3CC00709293-I00-C00	AD3CC00709293	0	0	10.646379035614114	XHIONLOUAROPEB-UHFFFAOYSA-N	CC(C)c1nnc2ccc(C(=O)Nc3cc(F)cc(F)c3)cn12	CC(C)c1nnc2ccc(C(=O)Nc3cc(F)cc(F)c3)cn12
AD3CC00711355-I00-C00	AD3CC00711355	0	0	44.73310618430023	SIKKUKPHFOGWLT-UHFFFAOYSA-N	CNC(=O)c1ccc(C)c(-c2nnc3ccc(Sc4ccc(F)cc4F)cn23)c1	CNC(=O)c1ccc(C)c(-c2nnc3ccc(Sc4ccc(F)cc4F)cn23)c1
AD3CC00713929-I00-C00	AD3CC00713929	0	0	86.75659538334263	GLDPXWNDIUPOHH-UHFFFAOYSA-N	CC(C)(C)c1cc(NC(=O)c2cccc(Oc3cccc4[nH]c(=O)[nH]c34)c2)n(-c2ccccc2)n1	CC(C)(C)c1cc(NC(=O)c2cccc(Oc3cccc4[nH]c(=O)[nH]c34)c2)n(-c2ccccc2)n1
AD3CC00714947-I00-C00	AD3CC00714947	0	0	65.93059951696006	FJRVNDKOZKLFNC-UHFFFAOYSA-N	Cc1ccc(-c2[nH]c(C(F)(F)F)nc2C(=O)Nc2ccc(C)c(Nc3ccc4ncn(C)c(=O)c4c3)c2)cc1F	Cc1ccc(-c2[nH]c(C(F)(F)F)nc2C(=O)Nc2ccc(C)c(Nc3ccc4ncn(C)c(=O)c4c3)c2)cc1F
AD3CC00714981-I00-C00	AD3CC00714981	0	0	46.90029964704478	KIXUFBQGTOJIJC-UHFFFAOYSA-N	Cc1ccc(NC(=O)c2nc(-c3ccccc3)[nH]c2-c2ccccc2)cc1Nc1ccc2ncn(C)c(=O)c2c1	Cc1ccc(NC(=O)c2nc(-c3ccccc3)[nH]c2-c2ccccc2)cc1Nc1ccc2ncn(C)c(=O)c2c1
AD3CC00716367-I00-C01	AD3CC00716367	0	1	125.0987696638215	GABSKDICOCQBIZ-UHFFFAOYSA-N	CN(C)C(=O)C(=O)c1nn(C)c2cc(Cl)c(C(=O)N3CCC(Cc4ccc(F)cc4)CC3)cc12	CN(C)C(=O)C(=O)c1nn(C)c2cc(Cl)c(C(=O)N3CCC(Cc4ccc(F)cc4)CC3)cc12
AD3CC00717756-I00-C02	AD3CC00717756	0	2	31.63396505399493	IFYDDUABVTWOCJ-UHFFFAOYSA-N	COc1ccc(CCNc2nnc(Sc3ncc([N+](=O)[O-])s3)s2)cc1OC	COc1ccc(CCNc2nnc(Sc3ncc([N+](=O)[O-])s3)s2)cc1OC
AD3CC00717807-I00-C00	AD3CC00717807	0	0	-16.755839999026882	WUIDPYLIBFVBIQ-UHFFFAOYSA-N	CCC(C)Nc1nnc(Sc2ncc([N+](=O)[O-])s2)s1	CC[C@@H](C)Nc1nnc(Sc2ncc([N+](=O)[O-])s2)s1
AD3CC00718112-I01-C00	AD3CC00718112	1	0	204.8018146626873	WMPPEZSRXIQKHT-YHOPASQISA-N	C[C@H]1CN(C(=O)c2cc3c(C(=O)C(=O)N(C)C)cn(C)c3cc2Cl)[C@H](C)CN1C(C)(C#N)c1ccc(F)cc1	C[C@H]1CN(C(=O)c2cc3c(C(=O)C(=O)N(C)C)cn(C)c3cc2Cl)[C@H](C)CN1[C@](C)(C#N)c1ccc(F)cc1
AD3CC00727151-I00-C00	AD3CC00727151	0	0	91.04915519871294	ZSBXRUMZMZJCRU-UHFFFAOYSA-N	COc1cc2c(cc1Cl)CCN=C2c1cccc(Cl)c1	COc1cc2c(cc1Cl)CCN=C2c1cccc(Cl)c1
AD3CC00728436-I00-C00	AD3CC00728436	0	0	67.2758005888871	IEDSFKUOLQRVGX-UHFFFAOYSA-N	Cc1cc(OCc2ccc(F)cc2F)c(Br)c(=O)n1Cc1ccccc1C#N	Cc1cc(OCc2ccc(F)cc2F)c(Br)c(=O)n1Cc1ccccc1C#N
AD3CC00731872-I00-C01	AD3CC00731872	0	1	-40.33056737133808	AAZAJVOLEKFYBH-UHFFFAOYSA-N	CN(C)C(=O)N1CCC(c2[nH]nc(-c3ccc(Cl)cc3)c2-c2ccncn2)CC1	CN(C)C(=O)N1CCC(c2[nH]nc(-c3ccc(Cl)cc3)c2-c2ccncn2)CC1
AD3CC00733425-I00-C05	AD3CC00733425	0	5	-9.308250965535226	MZDVFSSURVBLHN-OIEGUCRUSA-N	C[C@H](Nc1cc(N(Cc2ccc(F)cc2)C(=O)N2CCC3C=CC=CC3C2)ccn1)c1ccccc1	C[C@H](Nc1cc(N(Cc2ccc(F)cc2)C(=O)N2CC[C@@H]3C=CC=C[C@@H]3C2)ccn1)c1ccccc1
AD3CC00733427-I00-C02	AD3CC00733427	0	2	-65.84125629180929	KILDPOAUKNGBJP-KRWDZBQOSA-N	CCc1cccc(C(=O)N(CC)c2ccnc(N[C@@H](C)c3ccccc3)n2)c1	CCc1cccc(C(=O)N(CC)c2ccnc(N[C@@H](C)c3ccccc3)n2)c1
AD3CC00733428-I00-C00	AD3CC00733428	0	0	-60.77214940927679	SPDBIAHMMLKEIL-KRWDZBQOSA-N	CCN(C(=O)c1cccc(C2CC2)c1)c1ccnc(N[C@@H](C)c2ccccc2)n1	CCN(C(=O)c1cccc(C2CC2)c1)c1ccnc(N[C@@H](C)c2ccccc2)n1
AD3CC00733664-I01-C06	AD3CC00733664	1	6	-54.5969588096385	SKEURRLOHPAPTR-UHFFFAOYSA-N	CCC(COC)Nc1nccc(N(CC2CCNCC2)C(=O)c2ccc3c(c2)CCO3)n1	CC[C@H](COC)Nc1nccc(N(CC2CCNCC2)C(=O)c2ccc3c(c2)CCO3)n1
AD3CC00734197-I00-C02	AD3CC00734197	0	2	-61.15599391066761	VUKHGIZGZZHJES-SFHVURJKSA-N	CCN(C(=O)c1ccc(C)c(C)c1)c1ccnc(N[C@@H](C)c2ccccc2)n1	CCN(C(=O)c1ccc(C)c(C)c1)c1ccnc(N[C@@H](C)c2ccccc2)n1
AD3CC00747744-I00-C00	AD3CC00747744	0	0	15.89673148134753	YCLBKVIKAJIQDV-UHFFFAOYSA-N	O=C(NCc1ccccc1O)c1cc(C(=O)c2ccccc2F)c[nH]1	O=C(NCc1ccccc1O)c1cc(C(=O)c2ccccc2F)c[nH]1
AD3CC00747773-I00-C00	AD3CC00747773	0	0	62.191572919613385	JONPLOXVIREWEK-UHFFFAOYSA-N	O=C(Nc1c(F)cccc1F)c1cc(C(=O)c2ccccc2F)c[nH]1	O=C(Nc1c(F)cccc1F)c1cc(C(=O)c2ccccc2F)c[nH]1
AD3CC00778535-I00-C00	AD3CC00778535	0	0	218.3317571501498	GCBLXOYMYLHGMF-UHFFFAOYSA-N	COc1c(NC(=O)C(=O)c2ccc(OCCN3CCOCC3)c3ccccc23)cc(C(C)(C)C)cc1C(=O)NC1CC1	COc1c(NC(=O)C(=O)c2ccc(OCCN3CCOCC3)c3ccccc23)cc(C(C)(C)C)cc1C(=O)NC1CC1
AD3CC00778865-I00-C01	AD3CC00778865	0	1	42.85882887197306	QQVDBOJAHUNOKC-UHFFFAOYSA-N	CC(C)(C)c1cc(NC(=O)Nc2ccccc2)n(-c2cccc(CNC(=O)CNC(=O)c3ccccc3)c2)n1	CC(C)(C)c1cc(NC(=O)Nc2ccccc2)n(-c2cccc(CNC(=O)CNC(=O)c3ccccc3)c2)n1
AD3CC00778919-I01-C00	AD3CC00778919	1	0	13.774880640880577	GMJCCMACNPNZPZ-UHFFFAOYSA-N	CC(=O)NC(C)C(=O)NCc1cccc(-n2nc(C(C)(C)C)cc2NC(=O)Nc2ccccc2)c1	CC(=O)N[C@H](C)C(=O)NCc1cccc(-n2nc(C(C)(C)C)cc2NC(=O)Nc2ccccc2)c1
AD3CC00778973-I00-C01	AD3CC00778973	0	1	-35.8209195570371	WJVSWJYONNRMOR-UHFFFAOYSA-N	CC(C)(C)c1cc(NC(=O)Nc2ccccc2)n(-c2cccc(CNC(=O)CNS(C)(=O)=O)c2)n1	CC(C)(C)c1cc(NC(=O)Nc2ccccc2)n(-c2cccc(CNC(=O)CNS(C)(=O)=O)c2)n1
AD3CC00779038-I00-C01	AD3CC00779038	0	1	2.1574014258397023	UAMJQKNTOMGFCG-UHFFFAOYSA-N	CC(C)(C)c1cc(NC(=O)Nc2ccccc2)n(-c2cccc(CNC(=O)CN3CCOC3=O)c2)n1	CC(C)(C)c1cc(NC(=O)Nc2ccccc2)n(-c2cccc(CNC(=O)CN3CCOC3=O)c2)n1
AD3CC00779040-I00-C00	AD3CC00779040	0	0	28.39475945889759	ABMXKXQKGDYUBE-UHFFFAOYSA-N	Cc1nccn1CC(=O)NCc1cccc(-n2nc(C(C)(C)C)cc2NC(=O)Nc2ccccc2)c1	Cc1nccn1CC(=O)NCc1cccc(-n2nc(C(C)(C)C)cc2NC(=O)Nc2ccccc2)c1
AD3CC00781107-I00-C00	AD3CC00781107	0	0	131.23396396238778	VQIBSZYZJIEVJB-UHFFFAOYSA-N	CNC(=O)c1cc(Oc2ccc(NC(=O)c3ccc(CN4CCN(C)CC4)cc3)cc2)ccn1	CNC(=O)c1cc(Oc2ccc(NC(=O)c3ccc(CN4CCN(C)CC4)cc3)cc2)ccn1
AD3CC00781148-I00-C00	AD3CC00781148	0	0	51.43221807854763	CYTGCHOMPXDYOU-UHFFFAOYSA-N	O=C(Nc1ccc(OCCN2CCOCC2)cc1)Nc1ccc(Cl)c(C(F)(F)F)c1	O=C(Nc1ccc(OCCN2CCOCC2)cc1)Nc1ccc(Cl)c(C(F)(F)F)c1
AD3CC00784145-I00-C00	AD3CC00784145	0	0	18.940733123533526	VDTACYBUGLTWCI-SFHVURJKSA-N	O=C(NC[C@@H]1CCCN1)c1ccc(-c2cnc3ccc(NCC4CC4)nn23)cc1	O=C(NC[C@@H]1CCCN1)c1ccc(-c2cnc3ccc(NCC4CC4)nn23)cc1
AD3CC00790275-I00-C00	AD3CC00790275	0	0	111.38461819504352	AZOLAYLFIHNBPQ-UHFFFAOYSA-N	CN(c1ccc(F)cc1)c1cc2cnnc(-c3ccc(F)cc3F)c2n(C)c1=O	CN(c1ccc(F)cc1)c1cc2cnnc(-c3ccc(F)cc3F)c2n(C)c1=O
AD3CC00791102-I00-C00	AD3CC00791102	0	0	-100.08445697180568	OMHJGTNHFKDJLB-UHFFFAOYSA-N	CCNC(=O)c1cn2ncnc(Nc3cc(C(=O)Nc4ncc(C)s4)ccc3C)c2c1C	CCNC(=O)c1cn2ncnc(Nc3cc(C(=O)Nc4ncc(C)s4)ccc3C)c2c1C
AD3CC00793023-I00-C00	AD3CC00793023	0	0	-120.20285539178909	RZZSNJOJUZDASK-UHFFFAOYSA-N	CCCNc1ncc(-c2cc(-c3ccccc3F)nc(N)n2)s1	CCCNc1ncc(-c2cc(-c3ccccc3F)nc(N)n2)s1
AD3CC00794230-I00-C01	AD3CC00794230	0	1	47.21332372435745	RUSLPMKOXLTKJR-MUUNZHRXSA-N	CC(C)(C)c1cc(NC(=O)Nc2cccc3ccccc23)n(-c2cccc(C(=O)N3C(=O)OC[C@@H]3c3ccccc3)c2)n1	CC(C)(C)c1cc(NC(=O)Nc2cccc3ccccc23)n(-c2cccc(C(=O)N3C(=O)OC[C@@H]3c3ccccc3)c2)n1
AD3CC00794559-I00-C01	AD3CC00794559	0	1	45.82592856948676	LUZMARQWKNWLOX-UHFFFAOYSA-N	NC(=O)Cc1cccc(-n2nc(-c3cccs3)cc2NC(=O)Nc2cccc(Cl)c2Cl)c1	NC(=O)Cc1cccc(-n2nc(-c3cccs3)cc2NC(=O)Nc2cccc(Cl)c2Cl)c1
AD3CC00795005-I00-C01	AD3CC00795005	0	1	54.74534665087827	AEWPDVCXMSQUFE-UHFFFAOYSA-N	CC(C)(C)c1cc(NC(=O)Nc2ccc(Cl)cc2)n(-c2cccc(CCN)c2)n1	CC(C)(C)c1cc(NC(=O)Nc2ccc(Cl)cc2)n(-c2cccc(CCN)c2)n1
AD3CC00796234-I00-C00	AD3CC00796234	0	0	-32.68529457760989	WLPCYHBGURAENO-UHFFFAOYSA-N	CSc1nc(-c2ccc(F)cc2)c(-c2ccnc(NC(C)=O)c2)n1CCCCO	CSc1nc(-c2ccc(F)cc2)c(-c2ccnc(NC(C)=O)c2)n1CCCCO
AD3CC00796365-I00-C00	AD3CC00796365	0	0	-53.99973923503805	CPRBKHRDCHFEQX-UHFFFAOYSA-N	COC(=O)CCn1c(SC)nc(-c2ccc(F)cc2)c1-c1ccnc(NC(C)=O)c1	COC(=O)CCn1c(SC)nc(-c2ccc(F)cc2)c1-c1ccnc(NC(C)=O)c1
AD3CC00796408-I00-C00	AD3CC00796408	0	0	-21.93586359999752	YPFWINVIAQTKEZ-UHFFFAOYSA-N	CSc1nc(-c2ccc(F)cc2)c(-c2ccnc(NC(=O)C3CCCC3)c2)n1C	CSc1nc(-c2ccc(F)cc2)c(-c2ccnc(NC(=O)C3CCCC3)c2)n1C
AD3CC00798838-I00-C00	AD3CC00798838	0	0	33.65299028606684	RYGONSQYUUISGP-UHFFFAOYSA-N	COc1ccc(CC(=O)Nc2ccsc2-c2cn(C)cn2)cc1	COc1ccc(CC(=O)Nc2ccsc2-c2cn(C)cn2)cc1
AD3CC01163159-I00-C00	AD3CC01163159	0	0	76.17528893040915	INACEQVBTOQUCT-UHFFFAOYSA-N	Cc1cccc(-c2nn(CC(=O)Nc3cccc(C(N)=O)c3)cc2-c2ccc3ncccc3c2)n1	Cc1cccc(-c2nn(CC(=O)Nc3cccc(C(N)=O)c3)cc2-c2ccc3ncccc3c2)n1
AD3CC01163169-I00-C01	AD3CC01163169	0	1	90.00166910146575	PUXRSIDDRZBBRE-UHFFFAOYSA-N	Cc1cccc(-c2nn(CCC(=S)Nc3ccccc3)cc2-c2ccc3ncccc3c2)n1	Cc1cccc(-c2nn(CCC(=S)Nc3ccccc3)cc2-c2ccc3ncccc3c2)n1
AD3CC01165662-I00-C00	AD3CC01165662	0	0	-11.465661578793782	DRMJRHUMYBYDIX-AREMUKBSSA-N	CC(=O)Nc1cc(-c2c(-c3ccc(F)cc3)nc([S@@+](C)[O-])n2C)ccn1	CC(=O)Nc1cc(-c2c(-c3ccc(F)cc3)nc([S@@+](C)[O-])n2C)ccn1
AD3CC01165667-I00-C00	AD3CC01165667	0	0	-19.89342665281822	FSGQSNMSKKPBHY-VWLOTQADSA-N	CC(=O)Nc1cc(-c2[nH]c([S@+](C)[O-])nc2-c2ccc(F)cc2)ccn1	CC(=O)Nc1cc(-c2[nH]c([S@+](C)[O-])nc2-c2ccc(F)cc2)ccn1
AD3CC01165670-I00-C00	AD3CC01165670	0	0	14.553055267048324	CHQVABOBZWQZHI-YTTGMZPUSA-N	C[S@+]([O-])c1nc(-c2ccc(F)cc2)c(-c2ccnc(NC(=O)Cc3ccc(F)cc3)c2)[nH]1	C[S@+]([O-])c1nc(-c2ccc(F)cc2)c(-c2ccnc(NC(=O)Cc3ccc(F)cc3)c2)[nH]1
AD3CC01165720-I00-C00	AD3CC01165720	0	0	-10.106731913715644	NURXYAPXMPWIJA-MUUNZHRXSA-N	C[S@@+]([O-])c1nc(-c2ccc(F)cc2)c(-c2ccnc(NC3CCCCC3)c2)[nH]1	C[S@@+]([O-])c1nc(-c2ccc(F)cc2)c(-c2ccnc(NC3CCCCC3)c2)[nH]1
AD3CC01165723-I00-C00	AD3CC01165723	0	0	-8.290302428488834	ZLNJDCUVNHTGKQ-PMERELPUSA-N	CC(C)[S@+]([O-])c1nc(-c2ccc(F)cc2)c(-c2ccnc(NC3CCCCC3)c2)[nH]1	CC(C)[S@+]([O-])c1nc(-c2ccc(F)cc2)c(-c2ccnc(NC3CCCCC3)c2)[nH]1
AD3CC01165730-I00-C00	AD3CC01165730	0	0	-5.011349681541012	ZBJPQFVITVEFPP-PFUSGODGSA-N	CC(C)[C@@H](C)Nc1cc(-c2[nH]c([S@@+](C)[O-])nc2-c2ccc(F)cc2)ccn1	CC(C)[C@@H](C)Nc1cc(-c2[nH]c([S@@+](C)[O-])nc2-c2ccc(F)cc2)ccn1
AD3CC01165736-I00-C01	AD3CC01165736	0	1	9.025698313997523	LDYVDKCSGKMMHS-JGVYIQDASA-N	C[C@H](Nc1cc(-c2[nH]c([S@+](C)[O-])nc2-c2ccc(F)cc2)ccn1)c1ccccc1	C[C@H](Nc1cc(-c2[nH]c([S@+](C)[O-])nc2-c2ccc(F)cc2)ccn1)c1ccccc1
AD3CC01167394-I00-C00	AD3CC01167394	0	0	-11.268259167415357	YIUXEBHDDTWONL-UHFFFAOYSA-N	O=C(Nc1n[nH]c2nc(Oc3ccc(F)cc3F)ncc12)C1CCCC1	O=C(Nc1n[nH]c2nc(Oc3ccc(F)cc3F)ncc12)C1CCCC1
AD3CC01167464-I00-C00	AD3CC01167464	0	0	-30.87393176798609	ZFUUCXNBMNENRZ-UHFFFAOYSA-N	CC(=O)N1CCC(Nc2n[nH]c3nc(Oc4ccc(F)cc4F)ncc23)CC1	CC(=O)N1CCC(Nc2n[nH]c3nc(Oc4ccc(F)cc4F)ncc23)CC1
AD3CC01174491-I00-C00	AD3CC01174491	0	0	35.11040233984455	IQMVOVPKAFAHFK-UHFFFAOYSA-N	Cc1ccc(C(=O)NCCO)cc1-n1cnc(OCc2ccc(F)cc2F)c(Br)c1=O	Cc1ccc(C(=O)NCCO)cc1-n1cnc(OCc2ccc(F)cc2F)c(Br)c1=O
AD3CC01175828-I00-C01	AD3CC01175828	0	1	110.26292813281538	LJRWEWAERUZBPM-UHFFFAOYSA-N	Cc1cc(OCc2ccccc2)c(Br)c(=O)n1-c1c(Cl)cccc1Cl	Cc1cc(OCc2ccccc2)c(Br)c(=O)n1-c1c(Cl)cccc1Cl
AD3CC01175899-I00-C00	AD3CC01175899	0	0	74.71685459804407	KTPQPAGLITZOAF-UHFFFAOYSA-N	Cc1cc(OCc2ccc(F)cc2F)c(Br)c(=O)n1-c1cccc(CN)c1	Cc1cc(OCc2ccc(F)cc2F)c(Br)c(=O)n1-c1cccc(CN)c1
AD3CC01175904-I00-C00	AD3CC01175904	0	0	69.35615132346139	SDCBHCVRLBVZQX-UHFFFAOYSA-N	Cc1cc(OCc2ccc(F)cc2F)c(Br)c(=O)n1-c1ccc(C(N)=O)cc1	Cc1cc(OCc2ccc(F)cc2F)c(Br)c(=O)n1-c1ccc(C(N)=O)cc1
AD3CC01175905-I00-C00	AD3CC01175905	0	0	73.57972741723367	FYYYZUBSDRZBNG-UHFFFAOYSA-N	CNC(=O)c1ccc(-n2c(C)cc(OCc3ccc(F)cc3F)c(Br)c2=O)cc1	CNC(=O)c1ccc(-n2c(C)cc(OCc3ccc(F)cc3F)c(Br)c2=O)cc1
AD3CC01179931-I00-C00	AD3CC01179931	0	0	-8.290870938372807	KIMDKFOBPWJXPJ-UHFFFAOYSA-N	Cc1ccc(C(=O)O)cc1Nc1ncnn2cc(C(=O)c3ccccc3)c(C)c12	Cc1ccc(C(=O)O)cc1Nc1ncnn2cc(C(=O)c3ccccc3)c(C)c12
AD3CC01179939-I00-C00	AD3CC01179939	0	0	-13.915205489877494	FRJDUOUUAITKDG-UHFFFAOYSA-N	CNC(=O)c1ccc(C)c(Nc2ncnn3cc(C(=O)c4ccc(F)cc4)c(C)c23)c1	CNC(=O)c1ccc(C)c(Nc2ncnn3cc(C(=O)c4ccc(F)cc4)c(C)c23)c1
AD3CC01182895-I00-C00	AD3CC01182895	0	0	84.8262142294676	GDGRRDMNAXWFDD-UHFFFAOYSA-N	Nc1c2c(=O)[nH]c(-c3ccccc3)cc2nn1-c1ccccc1	Nc1c2c(=O)[nH]c(-c3ccccc3)cc2nn1-c1ccccc1
AD3CC01187503-I00-C02	AD3CC01187503	0	2	99.43630891496696	XZIUCFXXNUZGBF-UHFFFAOYSA-N	Cc1cccc(-c2nn(CCC(=O)Nc3ccccc3)cc2-c2ccc3nccnc3c2)n1	Cc1cccc(-c2nn(CCC(=O)Nc3ccccc3)cc2-c2ccc3nccnc3c2)n1
AD3CC01244479-I00-C00	AD3CC01244479	0	0	64.18390723269998	ORSVKQJCCMYVFZ-UHFFFAOYSA-N	Cc1nnc(-c2ccc(C)c(-c3ccc4c(c3)NC(=O)C43CCCC3)c2)o1	Cc1nnc(-c2ccc(C)c(-c3ccc4c(c3)NC(=O)C43CCCC3)c2)o1
AD3CC01244482-I00-C01	AD3CC01244482	0	1	40.60063542056978	VSDXGCTVWYRYCN-UHFFFAOYSA-N	Cc1cnc(-c2ccc(C)c(-c3ccc4c(c3)NC(=O)C43CCOCC3)c2)[nH]1	Cc1cnc(-c2ccc(C)c(-c3ccc4c(c3)NC(=O)C43CCOCC3)c2)[nH]1
AD3CC01246566-I00-C00	AD3CC01246566	0	0	29.989739087853664	IEBYVNREWYKJJR-UHFFFAOYSA-N	Cc1cc(NS(C)(=O)=O)ccc1-c1c2nccc(-c3ccc(F)cc3F)c2cc[n+]1[O-]	Cc1cc(NS(C)(=O)=O)ccc1-c1c2nccc(-c3ccc(F)cc3F)c2cc[n+]1[O-]
AD3CC01251705-I00-C00	AD3CC01251705	0	0	-17.358644432596712	QMQOECAQCLFDFB-UHFFFAOYSA-N	CC(C)(C)c1cc(C(=O)N2CCNC(=O)CC2)c(NC(=O)Nc2ccc(C#N)cc2Cl)s1	CC(C)(C)c1cc(C(=O)N2CCNC(=O)CC2)c(NC(=O)Nc2ccc(C#N)cc2Cl)s1
AD3CC01251708-I00-C01	AD3CC01251708	0	1	-4.877058038429632	AIMPIOYNXLAVIB-UHFFFAOYSA-N	CN1CCN(C(=O)c2cc(C(C)(C)C)sc2NC(=O)Nc2cccc(Cl)c2Cl)CCC1=O	CN1CCN(C(=O)c2cc(C(C)(C)C)sc2NC(=O)Nc2cccc(Cl)c2Cl)CCC1=O
AD3CC01259045-I00-C00	AD3CC01259045	0	0	-70.33647464911111	VYOMWAWIBCGOKB-BJHJDKERSA-N	CC(C)Nc1ncc2nc(Nc3c(F)cc(F)cc3F)n([C@H]3CC[C@@H](C(N)=O)CC3)c2n1	CC(C)Nc1ncc2nc(Nc3c(F)cc(F)cc3F)n([C@H]3CC[C@@H](C(N)=O)CC3)c2n1
AD3CC01259055-I00-C00	AD3CC01259055	0	0	-41.64565026681014	WDKKBALXHJZPGS-CWSKOGRWSA-N	C[C@]1(O)CC[C@H](Nc2ncc3nc(Nc4ccc(F)cc4F)n(C4CCOCC4)c3n2)CC1	C[C@]1(O)CC[C@H](Nc2ncc3nc(Nc4ccc(F)cc4F)n(C4CCOCC4)c3n2)CC1
AD3CC01315581-I00-C00	AD3CC01315581	0	0	141.32714075243155	UHANRLPBXKNFEE-UHFFFAOYSA-N	Cc1ccc(NC(=O)c2ccccc2)cc1-n1c(C)nc2ccc(N3CCN(C)CC3)cc2c1=O	Cc1ccc(NC(=O)c2ccccc2)cc1-n1c(C)nc2ccc(N3CCN(C)CC3)cc2c1=O
AD3CC01315582-I00-C00	AD3CC01315582	0	0	141.47357366394615	UEAUYQCUAUXUNU-UHFFFAOYSA-N	COc1ccccc1C(=O)Nc1ccc(C)c(-n2cnc3ccc(N4CCN(C)CC4)cc3c2=O)c1	COc1ccccc1C(=O)Nc1ccc(C)c(-n2cnc3ccc(N4CCN(C)CC4)cc3c2=O)c1
AD3CC01315584-I00-C00	AD3CC01315584	0	0	154.99616750595567	JQJUKNZIDWSPSQ-UHFFFAOYSA-N	Cc1ccc(NC(=O)c2ccc(C#N)cc2)cc1-n1c(C)nc2ccc(N3CCN(C)CC3)cc2c1=O	Cc1ccc(NC(=O)c2ccc(C#N)cc2)cc1-n1c(C)nc2ccc(N3CCN(C)CC3)cc2c1=O
AD3CC01315587-I00-C00	AD3CC01315587	0	0	109.44243291457369	VDFIDAZBTUTWTF-UHFFFAOYSA-N	Cc1ccc(NC(=O)C2CC2)cc1-n1cnc2ccc(N3CCN(C)CC3)cc2c1=O	Cc1ccc(NC(=O)C2CC2)cc1-n1cnc2ccc(N3CCN(C)CC3)cc2c1=O
AD3CC01315587-I00-C00	AD3CC01315587	0	0	109.44243291457369	VDFIDAZBTUTWTF-UHFFFAOYSA-N	Cc1ccc(NC(=O)C2CC2)cc1-n1cnc2ccc(N3CCN(C)CC3)cc2c1=O	Cc1ccc(NC(=O)C2CC2)cc1-n1cnc2ccc(N3CCN(C)CC3)cc2c1=O
AD3CC01315591-I00-C00	AD3CC01315591	0	0	110.4840139699046	POFNONHQILAECE-UHFFFAOYSA-N	Cc1ccc(NC(=O)c2ccoc2)cc1-n1c(C)nc2ccc(N3CCN(C)CC3)cc2c1=O	Cc1ccc(NC(=O)c2ccoc2)cc1-n1c(C)nc2ccc(N3CCN(C)CC3)cc2c1=O
AD3CC01315595-I00-C00	AD3CC01315595	0	0	92.27495689129316	YWEDUCUAPALBPW-UHFFFAOYSA-N	Cc1cnc(NC(=O)c2ccc(C)c(-n3cnc4ccc(N5CCN(C)CC5)cc4c3=O)c2)s1	Cc1cnc(NC(=O)c2ccc(C)c(-n3cnc4ccc(N5CCN(C)CC5)cc4c3=O)c2)s1
AD3CC01319717-I00-C01	AD3CC01319717	0	1	35.09912426844057	FIANCLIRVGODNB-UHFFFAOYSA-N	COCCCNc1cc(-c2oc3ccccc3c(=O)c2-c2ccc(F)cc2)ccn1	COCCCNc1cc(-c2oc3ccccc3c(=O)c2-c2ccc(F)cc2)ccn1
AD3CC01319720-I00-C00	AD3CC01319720	0	0	33.63362709707643	STJGTIXQJGXCFL-UHFFFAOYSA-N	O=c1c(-c2ccc(F)cc2)c(-c2ccnc(NC3CCOCC3)c2)oc2ccccc12	O=c1c(-c2ccc(F)cc2)c(-c2ccnc(NC3CCOCC3)c2)oc2ccccc12
AD3CC01328823-I00-C00	AD3CC01328823	0	0	20.546752023010267	YTSDNPLOCDVGNB-UHFFFAOYSA-N	COc1ccc2cc(-c3nn(C(C)C)c4ncnc(N)c34)ccc2c1	COc1ccc2cc(-c3nn(C(C)C)c4ncnc(N)c34)ccc2c1
AD3CC01361755-I00-C00	AD3CC01361755	0	0	95.8604721038396	GNSXPHIFEOSWHN-UHFFFAOYSA-N	COc1ccc2c(c1)C(=O)c1ccc(Nc3ccc(F)cc3N)cc1CC2	COc1ccc2c(c1)C(=O)c1ccc(Nc3ccc(F)cc3N)cc1CC2
AD3CC01361757-I00-C00	AD3CC01361757	0	0	110.26782741951632	CKMOSVVHCJYVNV-UHFFFAOYSA-N	COc1ccc2c(c1)C(=O)c1ccc(Nc3ccccc3Cl)cc1CC2	COc1ccc2c(c1)C(=O)c1ccc(Nc3ccccc3Cl)cc1CC2
AD3CC01361766-I00-C00	AD3CC01361766	0	0	114.4696990718344	LUUBNDHNKVVNBT-UHFFFAOYSA-N	COc1ccc2c(c1)C(=O)c1ccc(Nc3ccc(F)c(F)c3F)cc1CC2	COc1ccc2c(c1)C(=O)c1ccc(Nc3ccc(F)c(F)c3F)cc1CC2
AD3CC01361769-I00-C00	AD3CC01361769	0	0	96.33777380528142	SKBZKALYPRRXIL-UHFFFAOYSA-N	O=C1c2ccc(Nc3ccccc3Cl)cc2CCc2ccc(O)cc21	O=C1c2ccc(Nc3ccccc3Cl)cc2CCc2ccc(O)cc21
AD3CC01361862-I00-C00	AD3CC01361862	0	0	161.8268933725989	TZGYLMFRYGHMKT-UHFFFAOYSA-N	Nc1ccccc1Nc1ccc2c(=O)c3cc(OCCN4CCOCC4)ccc3ccc2c1	Nc1ccccc1Nc1ccc2c(=O)c3cc(OCCN4CCOCC4)ccc3ccc2c1
AD3CC01361863-I00-C00	AD3CC01361863	0	0	97.76414580032608	QTWBAWAPDYWZAH-UHFFFAOYSA-N	O=C1c2ccc(Nc3ccc(F)cc3F)cc2CCc2ccc(OC3CCOCC3)cc21	O=C1c2ccc(Nc3ccc(F)cc3F)cc2CCc2ccc(OC3CCOCC3)cc21
AD3CC01361870-I00-C00	AD3CC01361870	0	0	129.15062882993956	BSJHGNQUVPKGIL-OAQYLSRUSA-N	CC1(C)OC[C@@H](COc2ccc3c(c2)CCc2cc(Nc4ccc(F)cc4F)ccc2C3=O)O1	CC1(C)OC[C@@H](COc2ccc3c(c2)CCc2cc(Nc4ccc(F)cc4F)ccc2C3=O)O1
AD3CC01361875-I00-C00	AD3CC01361875	0	0	112.09425543225554	GLICAAYPBGPYFS-UHFFFAOYSA-N	O=C1c2ccc(Nc3ccc(F)cc3F)cc2CCc2c1cccc2C1CCOCC1	O=C1c2ccc(Nc3ccc(F)cc3F)cc2CCc2c1cccc2C1CCOCC1
AD3CC01361879-I00-C00	AD3CC01361879	0	0	129.10330366515907	VYXVBYMAOYZQLU-IBGZPJMESA-N	CC1(C)OC[C@H](COc2cccc3c2CCc2cc(Nc4ccccc4N)ccc2C3=O)O1	CC1(C)OC[C@H](COc2cccc3c2CCc2cc(Nc4ccccc4N)ccc2C3=O)O1
AD3CC01361880-I00-C00	AD3CC01361880	0	0	133.16363593255414	UMPBALFPJQPDCE-QGZVFWFLSA-N	Nc1ccccc1Nc1ccc2c(c1)CCc1c(OC[C@H](O)CO)cccc1C2=O	Nc1ccccc1Nc1ccc2c(c1)CCc1c(OC[C@H](O)CO)cccc1C2=O
AD3CC01369996-I00-C00	AD3CC01369996	0	0	103.9283107302405	NSLRZPFBJXVLON-UHFFFAOYSA-N	COc1cc(-c2nc(-c3ccc(F)cc3)c(-c3ccnc4[nH]c(-c5ccccc5)cc34)[nH]2)cc(OC)c1OC	COc1cc(-c2nc(-c3ccc(F)cc3)c(-c3ccnc4[nH]c(-c5ccccc5)cc34)[nH]2)cc(OC)c1OC
AD3CC01370001-I00-C02	AD3CC01370001	0	2	75.8660274581023	DECMYQMYXLBUBX-UHFFFAOYSA-N	COCn1c(-c2ccccc2)nc(-c2ccc(F)cc2)c1-c1ncnc2[nH]cnc12	COCn1c(-c2ccccc2)nc(-c2ccc(F)cc2)c1-c1ncnc2[nH]cnc12
AD3CC01372204-I00-C00	AD3CC01372204	0	0	169.19967254786786	AGAZFSMSVKSTQI-UHFFFAOYSA-N	O=C(Nc1cccc(Nc2ccc3c(c2)OCc2ccccc2C3=O)c1)c1cccc(N2CCOCC2)c1	O=C(Nc1cccc(Nc2ccc3c(c2)OCc2ccccc2C3=O)c1)c1cccc(N2CCOCC2)c1
AD3CC01419634-I00-C00	AD3CC01419634	0	0	12.983045846351745	XNBNPTNODRUPCB-IPJDOKCGSA-N	CN1C/C(=C\c2ccccn2)C(=O)[C@@H](Cc2ccccn2)C1	CN1C/C(=C\c2ccccn2)C(=O)[C@@H](Cc2ccccn2)C1
AD3CC01458595-I00-C00	AD3CC01458595	0	0	-68.54182928057595	ZXRPUDIWHVWKAR-UHFFFAOYSA-N	CC(=O)Nc1nccc(-c2c(-c3ccccc3)noc2C)n1	CC(=O)Nc1nccc(-c2c(-c3ccccc3)noc2C)n1
AD3CC01469736-I00-C00	AD3CC01469736	0	0	115.85791427403296	KHWVAVCJFBEYSP-UHFFFAOYSA-N	CCN(CC)CCOc1ccc2c(c1)C(=O)c1ccc(Nc3ccc(F)cc3F)cc1OC2	CCN(CC)CCOc1ccc2c(c1)C(=O)c1ccc(Nc3ccc(F)cc3F)cc1OC2
AD3CC01469746-I00-C00	AD3CC01469746	0	0	75.77076574618775	SXOJJAOMYAWFNA-UHFFFAOYSA-N	Nc1ccc2c(c1)C(=O)c1ccc(Nc3ccc(F)cc3)cc1OC2	Nc1ccc2c(c1)C(=O)c1ccc(Nc3ccc(F)cc3)cc1OC2
AD3CC01470407-I00-C00	AD3CC01470407	0	0	108.2813807875626	MKEKSNHYRJETIA-UHFFFAOYSA-N	O=C1c2ccc(OCCC3CCOCC3)cc2COc2cc(Nc3ccc(F)cc3F)ccc21	O=C1c2ccc(OCCC3CCOCC3)cc2COc2cc(Nc3ccc(F)cc3F)ccc21
AD3CC01470413-I00-C00	AD3CC01470413	0	0	92.57799291124752	DSOQXAWKLQXARN-UHFFFAOYSA-N	COc1cccc2c1COc1cc(Nc3ccc(F)cc3N)ccc1C2=O	COc1cccc2c1COc1cc(Nc3ccc(F)cc3N)ccc1C2=O
AD3CC01478576-I00-C00	AD3CC01478576	0	0	115.73412452627012	SVNSXYGEGJHUSK-UHFFFAOYSA-N	O=C(Nc1ccc(Cl)c(COc2cccnc2)c1)c1cc(Cl)cc(N2CCOCC2)c1	O=C(Nc1ccc(Cl)c(COc2cccnc2)c1)c1cc(Cl)cc(N2CCOCC2)c1
AD3CC01483041-I00-C01	AD3CC01483041	0	1	-38.85712691251571	GXZIHMSRYZODGT-UHFFFAOYSA-N	CCOP(=O)(CCn1cc(-c2nc(-c3ccc(F)cc3)c(-c3ccncc3)n2C)nn1)OCC	CCOP(=O)(CCn1cc(-c2nc(-c3ccc(F)cc3)c(-c3ccncc3)n2C)nn1)OCC
AD3CC01483052-I00-C00	AD3CC01483052	0	0	65.85739466993519	CGHVVJICEMVGRW-UHFFFAOYSA-M	O=C([O-])Cn1cc(-c2nc(-c3ccc(F)cc3)c(-c3ccncc3)o2)nn1	O=C([O-])Cn1cc(-c2nc(-c3ccc(F)cc3)c(-c3ccncc3)o2)nn1
AD3CC01483053-I00-C00	AD3CC01483053	0	0	87.66823415902164	BHFVVJVRHFICAE-INIZCTEOSA-L	Cn1c(-c2cn([C@@H](CC(=O)[O-])C(=O)[O-])nn2)nc(-c2ccc(F)cc2)c1-c1ccncc1	Cn1c(-c2cn([C@@H](CC(=O)[O-])C(=O)[O-])nn2)nc(-c2ccc(F)cc2)c1-c1ccncc1
AD3CC01496807-I00-C00	AD3CC01496807	0	0	-29.93926121405972	RQBRFKKFZPOBFG-UHFFFAOYSA-N	CCNC(=O)Nc1ccc2ncc(Nc3ccc(C)cc3)nc2n1	CCNC(=O)Nc1ccc2ncc(Nc3ccc(C)cc3)nc2n1
AD3CC01520671-I00-C00	AD3CC01520671	0	0	9.893812249592424	FZBQXEKSYVEEDI-UHFFFAOYSA-N	O=C(Nc1cc(-c2c(-c3ccc(F)cc3)nc3n2CCS3)ccn1)c1ccccc1	O=C(Nc1cc(-c2c(-c3ccc(F)cc3)nc3n2CCS3)ccn1)c1ccccc1
AD3CC01520672-I00-C00	AD3CC01520672	0	0	9.95789313747494	UPOYDUREONLRHO-UHFFFAOYSA-N	O=C(Cc1ccc(F)cc1)Nc1cc(-c2c(-c3ccc(F)cc3)nc3n2CCS3)ccn1	O=C(Cc1ccc(F)cc1)Nc1cc(-c2c(-c3ccc(F)cc3)nc3n2CCS3)ccn1
AD3CC01539175-I00-C00	AD3CC01539175	0	0	49.8532336806804	MRFQOICMCDPFOH-UHFFFAOYSA-N	Cc1cccc(-c2[nH]c(CNc3ccccc3C(N)=O)nc2-c2ccc3ncnn3c2)n1	Cc1cccc(-c2[nH]c(CNc3ccccc3C(N)=O)nc2-c2ccc3ncnn3c2)n1
AD3CC01539175-I00-C00	AD3CC01539175	0	0	49.8532336806804	MRFQOICMCDPFOH-UHFFFAOYSA-N	Cc1cccc(-c2[nH]c(CNc3ccccc3C(N)=O)nc2-c2ccc3ncnn3c2)n1	Cc1cccc(-c2[nH]c(CNc3ccccc3C(N)=O)nc2-c2ccc3ncnn3c2)n1
AD3CC01539478-I00-C00	AD3CC01539478	0	0	21.15261343383857	XJTRLXOYVLLXSW-UHFFFAOYSA-N	Cc1cccc(-c2[nH]c(CNC(=O)c3ccccc3F)nc2-c2ccc3ncnn3c2)n1	Cc1cccc(-c2[nH]c(CNC(=O)c3ccccc3F)nc2-c2ccc3ncnn3c2)n1
AD3CC01561207-I00-C00	AD3CC01561207	0	0	62.34475669673309	RVZNYFIJKBEGRZ-UHFFFAOYSA-N	Nc1[nH]nc(-c2ccc(F)cc2)c1-c1ccncc1	Nc1[nH]nc(-c2ccc(F)cc2)c1-c1ccncc1
AD3CC01561219-I00-C00	AD3CC01561219	0	0	26.984823257312527	KHNXJTPXPMXQJT-UHFFFAOYSA-N	O=C(Cc1ccccc1)Nc1onc(-c2c(Cl)cccc2Cl)c1-c1ccncn1	O=C(Cc1ccccc1)Nc1onc(-c2c(Cl)cccc2Cl)c1-c1ccncn1
AD3CC01562695-I00-C00	AD3CC01562695	0	0	42.16662699606486	HJPSQYDUHYYPLU-UHFFFAOYSA-N	O=c1cc(-c2[nH]c(-c3ccc(-c4cn(CCO)nn4)cc3)nc2-c2ccc(F)cc2)cc[nH]1	O=c1cc(-c2[nH]c(-c3ccc(-c4cn(CCO)nn4)cc3)nc2-c2ccc(F)cc2)cc[nH]1
AD3CC01562697-I00-C00	AD3CC01562697	0	0	-42.63558675909501	DPOVKIPGQXHUQC-UHFFFAOYSA-N	CCOP(=O)(CCn1cc(-c2ccc(-c3nc(-c4ccc(F)cc4)c(-c4cc[nH]c(=O)c4)[nH]3)cc2)nn1)OCC	CCOP(=O)(CCn1cc(-c2ccc(-c3nc(-c4ccc(F)cc4)c(-c4cc[nH]c(=O)c4)[nH]3)cc2)nn1)OCC
AD3CC01579227-I00-C00	AD3CC01579227	0	0	14.729691391261042	CUDZNCZDKGCXRX-UHFFFAOYSA-N	CC(C)n1cc(NC(=O)c2cccc(-n3cc(NC(=O)Nc4ccccc4Cl)cn3)c2)cn1	CC(C)n1cc(NC(=O)c2cccc(-n3cc(NC(=O)Nc4ccccc4Cl)cn3)c2)cn1
AD3CC01585538-I00-C00	AD3CC01585538	0	0	56.58361422717899	KDXXYHDZDWLQGL-UHFFFAOYSA-N	N#Cc1ccccc1Oc1ccc(C(=O)NCc2cccnc2)cc1	N#Cc1ccccc1Oc1ccc(C(=O)NCc2cccnc2)cc1
AD3CC01585540-I00-C01	AD3CC01585540	0	1	46.92366108543607	PJFGSQKDVQAESF-UHFFFAOYSA-N	CCCc1c(C(=O)Nc2cc(F)ccc2C)cnn1-c1ccccc1	CCCc1c(C(=O)Nc2cc(F)ccc2C)cnn1-c1ccccc1
AD3CC01585545-I00-C01	AD3CC01585545	0	1	42.05757349309869	ZKRSCBYEQQWNMS-UHFFFAOYSA-N	CCCc1c(C(=O)Nc2cc(C(=O)O)ccc2C)cnn1-c1ccccc1	CCCc1c(C(=O)Nc2cc(C(=O)O)ccc2C)cnn1-c1ccccc1
AD3CC01585548-I00-C00	AD3CC01585548	0	0	11.542408502945932	ZZGNHONXMCUDQE-UHFFFAOYSA-N	CCCc1c(C(=O)Nc2cc(S(=O)(=O)N(C)C)ccc2C)cnn1Cc1ccccc1	CCCc1c(C(=O)Nc2cc(S(=O)(=O)N(C)C)ccc2C)cnn1Cc1ccccc1
AD3CC01586110-I00-C01	AD3CC01586110	0	1	-48.82899575676545	QJLJKYOXNJDYMM-LUAWRHEFSA-N	COC(Cn1c(S/C=C\C(=O)O)nc(-c2ccc(F)cc2)c1-c1ccnc(NC(C)=O)c1)OC	COC(Cn1c(S/C=C\C(=O)O)nc(-c2ccc(F)cc2)c1-c1ccnc(NC(C)=O)c1)OC
AD3CC01683114-I00-C00	AD3CC01683114	0	0	137.0114918488713	NNBCWTGHLOCLJZ-CEUNXORHSA-N	COc1cccc(N2C(=O)/C(=C/c3ccc(OCC(=O)Nc4ccccc4C)cc3)N=C2c2ccccc2)c1	COc1cccc(N2C(=O)/C(=C/c3ccc(OCC(=O)Nc4ccccc4C)cc3)N=C2c2ccccc2)c1
AD3CC01704200-I00-C00	AD3CC01704200	0	0	18.674641210142468	HBEFMXWZXIZOKI-UHFFFAOYSA-N	Cc1cc(F)cc(-c2[nH]c(CNc3ccccc3)nc2-c2ccc3ncnn3c2)n1	Cc1cc(F)cc(-c2[nH]c(CNc3ccccc3)nc2-c2ccc3ncnn3c2)n1
AD3CC01709063-I00-C00	AD3CC01709063	0	0	112.15143042179548	LEWKZCLPGNEDKS-UHFFFAOYSA-N	O=C(c1cccc(-c2nncc3nc(Nc4ccc(F)cc4F)ccc23)c1)N1CCOCC1	O=C(c1cccc(-c2nncc3nc(Nc4ccc(F)cc4F)ccc23)c1)N1CCOCC1
AD3CC01709065-I00-C00	AD3CC01709065	0	0	82.24686022877962	FGPHNSWRZKDUOC-UHFFFAOYSA-N	Cc1cc(F)ccc1Oc1ccc2c(-c3cc(C(N)=O)ccc3C)nncc2n1	Cc1cc(F)ccc1Oc1ccc2c(-c3cc(C(N)=O)ccc3C)nncc2n1
AD3CC01727874-I00-C00	AD3CC01727874	0	0	-28.989511616279337	JPLMDPDGRQRZLI-UHFFFAOYSA-N	CCNC(=O)Nc1ccc2ncc(Nc3ccc(OC)cc3)nc2n1	CCNC(=O)Nc1ccc2ncc(Nc3ccc(OC)cc3)nc2n1
AD3CC01727876-I00-C00	AD3CC01727876	0	0	-16.124149612754454	OYSDFAWPEZXUOW-UHFFFAOYSA-N	CCNC(=O)Nc1ccc2ncc(Nc3cccnc3)nc2n1	CCNC(=O)Nc1ccc2ncc(Nc3cccnc3)nc2n1
AD3CC01727883-I00-C00	AD3CC01727883	0	0	-5.659857060573386	DCTSFNQDKNOVNW-UHFFFAOYSA-N	COc1cc(-c2cnc3ccc(NC(=O)NCCCCO)nc3n2)ccc1O	COc1cc(-c2cnc3ccc(NC(=O)NCCCCO)nc3n2)ccc1O
AD3CC01727908-I00-C00	AD3CC01727908	0	0	-18.47230997543377	FGXVXHYSQPGYKL-UHFFFAOYSA-N	CCNC(=O)Nc1ccc2ncc(Nc3ccc4ccccc4c3)nc2n1	CCNC(=O)Nc1ccc2ncc(Nc3ccc4ccccc4c3)nc2n1
AD3CC01759286-I00-C00	AD3CC01759286	0	0	92.40850817186428	JXPFBRYPSJLQII-UHFFFAOYSA-N	COCC(=O)Nc1cc(CCOc2ccc(NC(=O)Nc3cc(C(C)(C)C)nn3-c3ccc(C)cc3)c3ccccc23)ccn1	COCC(=O)Nc1cc(CCOc2ccc(NC(=O)Nc3cc(C(C)(C)C)nn3-c3ccc(C)cc3)c3ccccc23)ccn1
AD3CC01785331-I00-C00	AD3CC01785331	0	0	132.87693807131384	NYOQTINOEDUWJS-INIZCTEOSA-N	C[C@H](NCCc1ccc(-n2c(N)c(C(=O)c3ccc(F)cc3F)ccc2=O)cc1)C(=O)OC(C)(C)C	C[C@H](NCCc1ccc(-n2c(N)c(C(=O)c3ccc(F)cc3F)ccc2=O)cc1)C(=O)OC(C)(C)C
AD3CC01816715-I00-C00	AD3CC01816715	0	0	32.829100090550014	QEXZVQWGGYXQDO-UHFFFAOYSA-N	Cc1ccc(-n2nc(C(C)(C)C)cc2NC(=O)Nc2ccc(Oc3ccnc(Nc4cccc5cn[nH]c45)n3)c3ccccc23)cc1	Cc1ccc(-n2nc(C(C)(C)C)cc2NC(=O)Nc2ccc(Oc3ccnc(Nc4cccc5cn[nH]c45)n3)c3ccccc23)cc1
AD3CC01820429-I00-C00	AD3CC01820429	0	0	65.19855942317031	AQKVJQFKLCIABA-UHFFFAOYSA-N	CC(C)(C)c1cc(NC(=O)Nc2ccc(Oc3ccnc(Nc4ccc5c(c4)NC(=O)C5)n3)c3ccccc23)n(-c2ccc(OCCN3CCOCC3)nc2)n1	CC(C)(C)c1cc(NC(=O)Nc2ccc(Oc3ccnc(Nc4ccc5c(c4)NC(=O)C5)n3)c3ccccc23)n(-c2ccc(OCCN3CCOCC3)nc2)n1
AD3CC01823329-I00-C00	AD3CC01823329	0	0	92.33766999346132	BBKNLRCQMMKLGP-UHFFFAOYSA-N	CNC(=O)c1ccc2c(c1)C(=O)c1ccc(Nc3cccc(C(=O)NC4CC4)c3F)cc1CC2	CNC(=O)c1ccc2c(c1)C(=O)c1ccc(Nc3cccc(C(=O)NC4CC4)c3F)cc1CC2
AD3CC01825406-I00-C00	AD3CC01825406	0	0	55.86755324225727	FOBRPXRJBHDKKT-UHFFFAOYSA-N	OCCc1nc(-c2ccc(F)cc2)c(-c2ccnc3[nH]c(-c4ccccc4)cc23)[nH]1	OCCc1nc(-c2ccc(F)cc2)c(-c2ccnc3[nH]c(-c4ccccc4)cc23)[nH]1
AD3CC01833976-I00-C00	AD3CC01833976	0	0	61.813391978229376	YKPZOVVLNSAWPV-UHFFFAOYSA-N	Oc1ccc(-c2nc(-c3ccccc3)c(-c3ccnc4[nH]c(-c5ccccc5)cc34)[nH]2)cc1	Oc1ccc(-c2nc(-c3ccccc3)c(-c3ccnc4[nH]c(-c5ccccc5)cc34)[nH]2)cc1
AD3CC01840233-I00-C01	AD3CC01840233	0	1	100.71474021591312	NMYOVRIVLWSZSN-UHFFFAOYSA-N	COC(=O)c1ccc2c(c1)C(=O)c1ccc(Nc3ccc(F)c(NC(=O)C4CC4)c3)cc1OC2	COC(=O)c1ccc2c(c1)C(=O)c1ccc(Nc3ccc(F)c(NC(=O)C4CC4)c3)cc1OC2
AD3CC01840396-I00-C00	AD3CC01840396	0	0	158.20978788764674	RVQWHBDNQHKJEP-UHFFFAOYSA-N	O=C(NCCN1CCOCC1)c1ccc2c(c1)C(=O)c1ccc(Nc3cc(NC(=O)c4cccs4)c(F)cc3F)cc1OC2	O=C(NCCN1CCOCC1)c1ccc2c(c1)C(=O)c1ccc(Nc3cc(NC(=O)c4cccs4)c(F)cc3F)cc1OC2
AD3CC01841691-I01-C00	AD3CC01841691	1	0	111.6236218048896	OHJJBEBQZVAYHW-UHFFFAOYSA-N	O=C(NCC(O)CO)c1ccc2c(c1)C(=O)c1ccc(Nc3ccc(F)c(NC(=O)c4cccs4)c3)cc1CC2	O=C(NC[C@H](O)CO)c1ccc2c(c1)C(=O)c1ccc(Nc3ccc(F)c(NC(=O)c4cccs4)c3)cc1CC2
AD3CC01847305-I00-C00	AD3CC01847305	0	0	108.06128630764606	WPCZOFQCPNDXIM-UHFFFAOYSA-N	COC(=O)c1ccc2c(c1)C(=O)c1ccc(Nc3cc(NC(=O)c4cccs4)c(F)cc3F)cc1CC2	COC(=O)c1ccc2c(c1)C(=O)c1ccc(Nc3cc(NC(=O)c4cccs4)c(F)cc3F)cc1CC2
AD3CC01847969-I00-C00	AD3CC01847969	0	0	164.54075953998026	PCCPAOATUOYQCT-UHFFFAOYSA-N	O=C(NCCN1CCOCC1)c1ccc2c(c1)C(=O)c1ccc(Nc3cc(NC(=O)C4CC4)ccc3F)cc1CC2	O=C(NCCN1CCOCC1)c1ccc2c(c1)C(=O)c1ccc(Nc3cc(NC(=O)C4CC4)ccc3F)cc1CC2
AD3CC01850807-I00-C00	AD3CC01850807	0	0	-15.667452368689233	JJORFRRMKVGMOJ-UHFFFAOYSA-N	CCC(=O)Nc1cc(Nc2ncc(C(=O)Nc3cc(NC(=O)c4cc(OC)c(OC)c(OC)c4)ccc3C)c(NC)n2)ccc1C	CCC(=O)Nc1cc(Nc2ncc(C(=O)Nc3cc(NC(=O)c4cc(OC)c(OC)c(OC)c4)ccc3C)c(NC)n2)ccc1C
AD3CC01864930-I00-C00	AD3CC01864930	0	0	44.84157310987298	HLKIWJNLTMGQET-UHFFFAOYSA-N	OCCCc1nc(-c2ccc(F)cc2)c(-c2ccnc3[nH]c(-c4ccccc4)cc23)[nH]1	OCCCc1nc(-c2ccc(F)cc2)c(-c2ccnc3[nH]c(-c4ccccc4)cc23)[nH]1
AD3CC01866046-I00-C00	AD3CC01866046	0	0	109.173150520322	OGDMKOILWPDNQV-UHFFFAOYSA-N	CNC(=O)c1ccc2c(c1)C(=O)c1ccc(Nc3cc(NC(=O)c4ccccc4)c(F)cc3F)cc1CC2	CNC(=O)c1ccc2c(c1)C(=O)c1ccc(Nc3cc(NC(=O)c4ccccc4)c(F)cc3F)cc1CC2
AD3CC01866809-I00-C00	AD3CC01866809	0	0	17.75167115932407	YFJVZDLGOGONKG-UHFFFAOYSA-N	Fc1cccc(Cl)c1CNc1nc(-c2ccccc2)n[nH]1	Fc1cccc(Cl)c1CNc1nc(-c2ccccc2)n[nH]1
AD3CC01867538-I00-C00	AD3CC01867538	0	0	9.584129970477813	MJUMMJXVFYUVJS-UHFFFAOYSA-N	CSc1nc(-c2ccc(F)cc2)c(-c2ccnc(Nc3ccc(NC(=O)c4cccc(N)c4)cc3)c2)n1C	CSc1nc(-c2ccc(F)cc2)c(-c2ccnc(Nc3ccc(NC(=O)c4cccc(N)c4)cc3)c2)n1C
